Index,"Wallet"
1,0xa10510064fB47F8caFe90B7c325E66b1F0b0281d
2,0x08CeD7A40aBa773d2511A5f68a0F10B2A01fB64c
3,0x7976c99939eaC0F737973dE3243B7f66982A1c8A
4,0x12Ad7f3180A332C33707aAFc9B440187CEb8a125
5,0x08641f45f84DA7CD8393D7044ABA7eA513727db6
6,0x7DB0f0E72E1f38d2e2d83B6cD60d2Ef2B8f9614F
7,0x18bb022fC8795b580C9613Ab3642Bb4155522d7C
8,0xaAa6Ca4E3E36F634a6053F32FfFd779E81a0f1C1
9,0xdA9335F3093685a706f1Df2EFB837913fC99E140
10,0x85C61019cd9AEd443d5D43855dA31949964C5f37
11,0xB2EF948b0767580c568b96dDfD83B9c79E7808b2
12,0x6AD64b590542fdB3bBb1Ac41129Dc6144f791C22
13,0x2fC7e4d26E604aE9Fcad6D87Bf65d39ABcb038e6
14,0x1b69E2A191fD73029130Bef5eF0A1aE698F28E8D
15,0x114856F318CF77332C1d48aa9e4902d9E44e49Ed
16,0x185ab5634a53A931C50Cd3E27574C3600aBb9C15
17,0x80dBB857bA00086fffCa9c9EBE4C32823B77A288
18,0x610bE1011A1C9F75b17D9d0bB4eaDD06d5Ec99E9
19,0x016DDab78eB55d24491025d8a148B95eBb7a3F22
20,0xB62f3dd5576A000c0Db23fd814b37c65BdAe1f61
21,0x9b8282EB7fcbd7e3629367761974E6AC87162A44
22,0xEAe8a413B30c6434E5D95e44b4f99840cE5F32A4
23,0x0EeF6e9661e65b21ca367C7C35fb0Ae576defc4d
24,0x61538BE77A06977D08FCBa09203F6AeAB9Db9936
25,0xB836d8771ecE0b7a0d5B7640CB055c7B02B58FF4
26,0x951d20D58f8B96d724A8A82F920b8E4871168397
27,0xE0E7336D4a4BeCC436186CA61D2454121439CF19
28,0xA9BAF61E507228AeAA49721177B8BE465257D77A
29,0xabe6a1cbd27ba25fb8c451fc078e6ce0052c7242
30,0x12aBe4115FD2c4DADA3Dc73007a9B875994eE4a6
31,0x7F41319851634edFC97bB8642654AA7bF7b81F42
32,0x5b3C115BECAc871BA8963ebCA730d61dD18D391B
33,0x65316839965df75420f7485333Ca5eB363D909e4
34,0x221B3C336754B155e3D72318B88F30F02B36158f
35,0x4f18a342B3F27de13257c17e10E3D40ab0A70087
36,0x9ab5ED9aAaB81F56A7f53dE7b2f6614170d526e7
37,0x432F4d76CDFD1990bD5e312909AB1eeaC862C0bF
38,0x7400ABd79F89dB73CEB08b00AAecd2dC1D6ef0EE
39,0x7bF67e44a2713E3CF3E0d29401E402C1622E1422
40,0x90C0a1fFB765daA50ba72c6aa2134f7132776082
41,0xD4014FFc9484CbFA0CA89D7a1fC5534A225be55B
42,0x9Fc6C89e3c1802c83EbD2666896F954eEA4C02C7
43,0xaCeF787Fbbf812E28AEaEABD4562621D2FAA0ba9
44,0x60e313F1869920821a3bD2496970dC9cCC141408
45,0x3B4A2754aFec8762EbC994530E65E276fA68F091
46,0xD15BE3D63B4a89Dd203642EaD5125647435f03Ac
47,0x006A1fb84265501c92169e730fD2e00933927Ca9
48,0x50Ca0ED250d3899bAB7721d9Ac7341D5369793A6
49,0x58EB79aa9fA6B525b0f86934416e52B1633bD17C
50,0xc4A0D42f38A96a42041EfD53C0FCDcB64eBCaeF3