Wallet,Amount (HE)
0xFfCB8702311D94F6981EdA36fa267f9747Fbf290,20
0xFF95aE357989ED0E45eD8Ea28DbE490CcAA4E8eD,20
0xFf3aE9A236FD623780d252B57a04765c9626DE93,20
0xff209b987D7C98448CE1A90492fFbda9718652f4,20
0xff1BCe9a135854DCcE8169a0Ec0B70C3264F23D0,20
0xfeDf4b4406B3126744047be05A013570b09DC0cC,20
0xfeCaC5e0a402f3e5A1F899EE4b39a6980BB66686,20
0xFe9577d0671616c062De3422D910C0b097495BF0,20
0xFe70f03942e5501D0E24C25F973996a01808244d,20
0xfDE3B2F4a191c24025008e3250eaC55407faff9C,20
0xFda741Ac6afCe2820618A40D6ac81F51BC9aD835,20
0xfD9f8f64020873BC29FC8B71154f3FBc19082748,20
0xfd94A973fDbb827a4ff04A901854109322357370,20
0xfD90272ba6620214CCF8aA63a64a284fC6A99740,20
0xFD6Eb995D97389fa270664c25acFFaad7f49DD5D,20
0xfd593A182283a269fAE858c568b32410c916B43F,20
0xfd0A8e5802467cA6B1880688De5AF3087C3200A0,20
0xfd0177D3dda7B7371F74C88A39D5Ec475d27b14E,20
0xfCd0b800d292D42c232d418b7C494584118a9f29,20
0xfcCEEAcD9d1A93DBE7763ae1883eB12933b80483,20
0xFcAF2F6EAF61B73f1775e1acA9C11ae48Af334d7,20
0xFcA319F920B6757A247C78e39be29E41e3603e8B,20
0xFc4709Ecd7910c516f1f44C27542D64eD8250E54,20
0xfBeE60f46165f20bbB39603d4b216D32103b9ED7,20
0xFBaf2F1b45be13Ba5D06d974f485dc8fca3d4930,20
0xfb62BE39d76C892e4dD43C409D3Cc080592A58E5,20
0xFB46B9d2872795B646D258C78410E8C59A58c301,20
0xFb1518F39Db519745B57CdaD037EEC22ad059f29,20
0xFAEE7D4FC922F62B1F0A5284B70E10d4813B927a,20
0xfac640c236E57df34A3c8E4c781f1466c3A6D2cf,20
0xFac5CF865B190869F8698F193878BD3667f32EB4,20
0xfa974C4Dd049b8E20E0F5e0597d90c9ebd0C2817,20
0xFa778a2bD937A8e17Ea0ea15F9C1a3E97d81ade1,20
0xFa61C56481232a688b5299B7334F225Ed090806c,20
0xfa24F9CE2F83E5E4da0a79D81bbDDAF67B78Ee8D,20
0xF9f9996c03F68778Cea577406c5973194e6f0aE1,20
0xf9CDaDC2a1CF251eCcFcdB1534b9781a52e5c02c,20
0xf9A6E4EB95B8B25c31A3CD30D27112D16A13DF6E,20
0xF9346C2cFD24541af4c54c8Ef2e5Aa6F3D4834c1,20
0xF913D70EF1EC9B17327Ef22c9aD744aE3952810b,20
0xf910C318Bb6B063256b1AcCB14c652bcEfA921Ed,20
0xF8D9284d1FdA0E534108E94Cc3C7d31eE42E9b18,20
0xF8D84f7c8aE50387636fb18A5DA8b6B200FCD048,20
0xf8a215942e6B6F2e26F65C9399b82dE47Fca21c3,20
0xf866c631E5eaB66c6DC420Ad2385CD5918aD2361,20
0xf8646d0811C22D7d4973f3Eb41b66B60529cCc92,20
0xf862a8F7e528EBE2494F2c7D2c44BE357e5C2030,20
0xf84db88bA1058696d6DF4463F5DBDfA5A53396D5,20
0xF843224190304Cbab152FB752D349B2968F87B96,20
0xf838055D17759a9Ba621F9BB9160E76A0Ed3e279,20
0xF79D5052d2C32dEa06d88645ff78B958294a6D8A,20
0xf79c96ee90D620B54a562Eb8de6fdc27F958DE30,20
0xf7927D42D3c2c340c786C02cF1e4ba4f68CC8324,20
0xf7576c3eC6B109Af8EA0e47318DC637d14983028,20
0xF7526284849aa762026f92522C5e959FFdD361f0,20
0xF75165106fE9316B390B52D750dd22df357Bbab1,20
0xF7306b73A4175e840C39519C2007bBee01D2469C,20
0xf727B013bDb4f5b2C4f871311e4f43269e0A137E,20
0xF7089B28382F99bcB527093851Cd75bb044A16BE,20
0xf6F1574ac214f03A3E8422CdEeaF6A400A200d37,20
0xF6Eb6a3A5ec762eE5235C84f6821969a1bA1fa03,20
0xf6e1E26Dc407bAb2e2bB778ADf738eEEbc2CEB3b,20
0xf6c4Aa3eb8279346c1534314bb91EfF4e4b33aFB,20
0xF696BC4b4Bd596b3Cf2a76E8301a84c2ace4E1A0,20
0xF69617a22D2c64681e3DeB23d4E3D26A234D967d,20
0xF68862fB15CE334D5089CB715a2BE52534857ccd,20
0xf64e8F414eefC09925B8f15338f861009ff78970,20
0xf643358e68832fc7CC162B66C1E320Cb2d46e997,20
0xF5f79Be5EbF72D53ADB2b400A4dccB61af356243,20
0xf5E598a3b5c375B113F700f423BFbEC68AA1410B,20
0xf58Ee6EE58a387cC3528d13B430aa89d3963EBB5,20
0xF559470DA298c243d31d111988D312a937dc38D7,20
0xf524F166081C7732641dF458e27D78E33A382eff,20
0xf502eD5e4d4c77246135d2A2651FA70cA91330DF,20
0xF4EdbAC1Ab9279BEC16680241300F55Ab43AFf25,20
0xF4ca2B62114e69787eED96c3914b682fd73AF2cA,20
0xf45cc87ea667Ed1E0c60745a17513A9130c37e46,20
0xf454045257Fd8Dd094b2b63dd49D25a6aaAAc535,20
0xF448B9B8DEE4C3212f76CFB757B327dfe46E3C29,20
0xF40Fd369161483b7a76F254c9Bc87B8c788ae341,20
0xf400992a70cd5d4308fcc681d3e5cf2928221d5c,20
0xF3FB71CcaD9b8cFDad94d6c27Af0Cf2b26Fb88E3,20
0xf3f025fc693471BB7Ea5a1dfb7CdD62dd5612da6,20
0xF3CC1769C0C5b4A411c9B78C9B180fA2394314C5,20
0xF3C7cCDCf397f323C045C2c513932E8a0a0A4C16,20
0xf3b8E7C3bCD60C531Fd111e38d55A1f611a64607,20
0xf39E6c79ee77cf0D2921b3c1659c95849F7F8B75,20
0xf39AB694C94466a50Fe578B31aB98810b42f06Ee,20
0xF3821683E6A31F5942FFd88339D74d2227Ce7410,20
0xf3584EBD184BA31E42485AF6926101e063467966,20
0xf33958f5cbA4f00BbB6C2f571F8738548Aa15c8d,20
0xF32C817a7Ce74eE3A55E8a3dc727E3abc8708706,20
0xF30fff995Ce7580D0E4E3792E2cf19b49BdD2dFe,20
0xf2eD780ee643Ffb8F13b1cF7E86A83d5d78Dd605,20
0xf2B9538E083DFB365918671aAe3f33Fd71eb44E3,20
0xf29B20163c509DFDe28aAEBd1015f7D1ad11Ae38,20
0xF25Af5572b696C979FE5AB8F5837F2D79c7aDB73,20
0xf24dbA6DB4836e00BCa90e250786C7e4788E0285,20
0xF240D43f3Bb829C8896c21634240B991eaD9f4F0,20
0xF23Aeb0C4b40E21A04E61BF02f3C5C3b8A69f106,20
0xF217402efA536aC01B75bAc59BE0a393c808a932,20
0xf1Eac917aDd1cF941E40009066BF6C3EEb16185A,20
0xf1b0E7FE8602aAD45A480b3EAc0ce5e41F791d26,20
0xF196345570E2ADFB8B75CFa36a04333fe331d49d,20
0xF17B1e80d334466dBFb4FEDcf136dA63903Bc2ec,20
0xf178e5Fb9A6E0859241086e9F66805531E536e18,20
0xF1641b509E89E4D635950327158b323e2B76Fe4B,20
0xf157Dccf57F5d02D177c0792d9955775593A35D2,20
0xf12cbA9c09CE4E010A2F5e55BfAf5D0df4fEfE6D,20
0xF129B271dE7D5456fd9C984FC566d831aafE8EF5,20
0xF10fd00A20F7a731771Ed693DF062c11C8B7754F,20
0xf0edDD2BD61874D6AAa1c11b6C29967B9Ddeac75,20
0xf0E443a808621Dd2E4A054B2fa9b7b4ebf7faD9f,20
0xF0Ce2805Af852025d4154B6aD8156af966135C11,20
0xF08df58889674249d9367f22C3F8eA1037DDB5f3,20
0xF085aF5B55ADD0ae62831e8c3a7b3b5f02407A2c,20
0xF084b33200497bB4e79e30398b6E53E08E12F0F6,20
0xF07a902Cc31A776Bcb03954901F4bC8c1e912FFb,20
0xF077da71903B1610143140bF5Ea20316b9C6ec14,20
0xF04F2A01a4F1E8730843e4dF8587107B2816a7ae,20
0xF04deC5843Bd4A754f4a88F889B6D7A52388e439,20
0xEFf92D36d16f4f7CF0D81feFECB701a42611b38C,20
0xEFD67df62714256452D39245681c279b9d24523e,20
0xEf5CD218cBf8Dbd44A3c39c40a393eF70CD56656,20
0xEF037e3724029D085EA54901258EBDd4537F04EC,20
0xeeE804550d0B0A068B70667400D73DB754fABE44,20
0xeEd02f07eF92371bD065c2502F077203BA41E274,20
0xEE95f95fC68D6d33A3622943A332b38BF8098945,20
0xEE931fba7896eE4E37AE8D0B4A577CE318C1e077,20
0xEE8207CB997914AF1DBE8241dDBE15abcc6624fB,20
0xeE643658F41c1D38c18700736656DdE53fED2D53,20
0xED787FAC9f2e5F9009F095fF55269579245B252D,20
0xeD6Cd62afdD3bcd55b64A41A3bDA086bbCF4A6EA,20
0xED315D54b3fac26F65d1c2554AB0C5df4eb2646A,20
0xeD280ffD93b03616f57401afe787cD2C919B6D2b,20
0xeD223482C550959b46C59A336222DFD46b42D90c,20
0xED110Fe826a68Af174d86fD37279339f6D439B5d,20
0xEcE72e07f5A29B8c5042fDb1B0147b82A71AE630,20
0xeCD1Fb84c7466177DE208469A2F8F2Dd643d4480,20
0xeCcA1443841A34d8aaF995985cC0f811BB3AD800,20
0xecC8d3A4E7A1C4dcEbd089fA9cdaddFB7e356C61,20
0xecbDC7E53698082Af85EF7503407398340b5984E,20
0xEcB67A51c60BbF32172076559082eF36756577b0,20
0xeC86c00cEaFf3432d6a36A2db51168C9c37c066b,20
0xec83820e8DA36c253A044cdB5BeC11658Dbb1549,20
0xEC7c0673454E676fA2136fF20dc2aA002E17D6ce,20
0xec783E5652F13F0AE65570ab9fEdaCdD7dcF7C4B,20
0xEC7198F753454aB3456a7fd0637F08dA320B8685,20
0xEc39E8342eF70c6159a69d67ed4Fd3367F126dC1,20
0xeC06793478A6452Fdd75EF24b7e42C2AAb61b972,20
0xebD8311C2dAF0AFEa2c0B68Bdec90E81dc4775E2,20
0xeBC2Eb407881E24AC3Ca509a3ca17025Fc0acF4F,20
0xEba5C977695EAD679eE5cC132906a65F7865d940,20
0xEbA33bC802Ae4Baec07d48a01756be77F8026fd2,20
0xeb8dF142f25bce2A6A1CeC87928C9a070c3C275C,20
0xEb720b26d47159A0F957C908AB6ac810cfC33640,20
0xeB32d7996073d4A830f11791766BD312f9B09D58,20
0xEb2A2E8Bd2293EBB6BAFcB8312D1f6350CC76459,20
0xEa9ffcFD72a726D14Cbf0094FE6cD7A2e58Df66C,20
0xea93676C634A4b9216c52E5DAe2A2821656D58bE,20
0xEa5C123b2eC913C33346Af56a0b5B4818c47Ba60,20
0xEa576E7A5058766Ae3C67A719e0fb69038cA2cE9,20
0xEa4EbE914DCEeE734Ad3a672770F928ac5F6A637,20
0xea306842B414346b933ecB7C5CBE706926bA540A,20
0xEA2Da687Bd6C47429B17F8c22d8fB82D2173268A,20
0xEA26779A8B23f54F060Df675Cf380273F38a15fb,20
0xEa084a4CA4e10eF14BFaCBb660C4d7DE089Dbb30,20
0xE9E307B1B799eDECF82CB8FEB0691Aa8933e9750,20
0xe9DE4153451e8dbf21DEd4B40A2DF30809E02A09,20
0xe9C2bD41Ffa803c45f1E26f828671a58d3094568,20
0xe9C1ef171B80877902f694F9488087946302db2f,20
0xE9C0B7D65f9C6aC38967c9c11D8A6b373f0c0151,20
0xe9bCa6F04Bf3281D2195ce6eF82DA086D20dC744,20
0xe98c6e60347B1EE85d2f2e48DaF9e31235434A93,20
0xe951dB6ca544164E131c271993368103FD76796A,20
0xe8f63113f89E217030eB1AFd6e7A52B158943869,20
0xe8cF409332BfEd9C9b5676e36b9A190Af5227E72,20
0xE8BB1fAa44A775b6C5693033A360CB2202d8B345,20
0xE8a39fe04522289DedDb92D14991E7A5d9FfcA4B,20
0xE8759FFb72D41c6b94fbbE75d487E0AAC66a2151,20
0xE82c5a434967571D490c4BAc5eB13f3a3d7ea968,20
0xe822ea504dD6fADa32EFb1C0D15cE4fAbF950059,20
0xE808a1311D186a51d47191994cBaDD1b0445440F,20
0xE7f0A9B92f8fDBfA38427b2865CD650dF8C20aFa,20
0xE7BC196838B4c72bc0eB4b985685d7925010ca08,20
0xE76D8B5D37941AAf9608436CC2A74Bc28Ce71c42,20
0xe7365Ff1c08F6E5482007292A37ae6704fdc7b9e,20
0xe72B3b9bb34605e2EfAee5eaa1dD3aE53Cdc5b2c,20
0xe68cD17998BF7E5886dABd80C4b44034bDb78B53,20
0xe68b98e06Df0c478C68B18286d64b95B83A27A66,20
0xE67Ce6d57b65B645FBF7328B9F23ef7f10CD7087,20
0xE655B6ef11D165b11296354456d73271DA15C055,20
0xe61812E756CF33E576f4ca13c151860f3d8e08a9,20
0xe5cfaB770BAa96C7DA0d0dAc4C8b03456F723e1D,20
0xe5C32AF17cB88EF95506503b471DAb6c1b5795Cf,20
0xE5Af65b24e57E7bB5F0B13d5B569B23410e3c834,20
0xE57d64F98571599E3480c8b96c0fC1Baa5228bAF,20
0xE5775261758b0eaFe52bACf8752bf5B80AE86fc7,20
0xE564A050C61933FA2d2276388b4ec9b99ff948DC,20
0xE5627e256273f674Dc2386552181ff4CaF522E10,20
0xE53c0B889e5a3043AAae2C8e6977cbD3eC7B0913,20
0xE512DC42fA754f0E9e0d3074b74431a1f4244d80,20
0xe4E18b390b5314644e38c12f989609c2c1bCA7cB,20
0xe4da29f9687F7D5F980FCf9171E1220d53739923,20
0xe4A1175134064998e9E7cCB404CDaaDB4766E678,20
0xe487e422C8fd8eD2416973665f1039256E12891A,20
0xE4772f65ba1f8a8667c055Fd76A3929E4F678F42,20
0xe465A19EC3B4780BE4E229e87Ce056C9A800E01C,20
0xe45d10c00575A68A97a81645916036305BAb3Fba,20
0xe420196A13D709207e909FA84FD76ECfc6379B28,20
0xE3F519b45D11d41f75093F64c61b89f3f756e09A,20
0xe3AF1FEC282F842650ae9b3127bbF7c50f42fdc7,20
0xE3a30FaFae60629fFa73839E1DCF3bec520FAf66,20
0xe3A2Baa5bF2b78bED0660f3bC91B56f9bDe43820,20
0xe31d86dcD3575Cf19DF43E13384fF1310EB01a3f,20
0xE2D8eAebB70FC16b6A2aA1903Fa7EA2E0e44b2b2,20
0xe27D18c9C51Cd20f6e12a06133bb8396c767488A,20
0xE24f44732104ab8bEB704A244280Ce42f90b7159,20
0xe234d12cf319d0a459cF1016d2Ab825BFE4FBFcc,20
0xE22e14e147251A917F905c867d0F0c1A4b526610,20
0xE22a415B93e462014Cb2B3A11a31F676Ad27d327,20
0xe1F34eDfC430DfD1d2d7cd668a4Da4622727E124,20
0xE1d4b08af302260B903aAEcE458c83a4418FfAA3,20
0xE1CB7a5CD3910Dcfe87E19003E7b8918Fe27eA95,20
0xE1B829bD4DfCc4f9DB2e532481E39Dd5D49b82BC,20
0xE1983e15cAf2B4E82eea38c365d57797497a57f8,20
0xe15Fd2bAA24206954fFDaFdFF68e684F9456541f,20
0xE1563C130A2954cBD8ad1b35d397a31Ac4540B25,20
0xe1042555af3D24a6b43457ED889Ac86E0D5d09aB,20
0xE1002D17736F398Aa28aD8C921930436ed3c158E,20
0xe07fDdDc6E2beAbea36B1850B82470935209b198,20
0xE06d5EB42E1aaF420418Ef4618BF269e4f9Aade0,20
0xE041a947B9565644b397c6fF25349F6BFf9AEe77,20
0xe00249Cf0bDf55E43096B0c5F646521105d55e42,20
0xDFDcC29076Fc6db19D6a8A27AD7D8b5848CBD0d5,20
0xDFdBC01dAa598be93d323686d52984B82CC52D25,20
0xdFdb052e08e137b60652DC79838EccDfaC776B86,20
0xDFBE6B3bbE7F307052E13d91A127D795b74F203C,20
0xdfbB9841D2ee6fc087B3c5bee6eCB62c1eBd5817,20
0xDf3f78128F1a32e7b07B3ffC693e40b5C89b2EF4,20
0xdF3543781A34a504E7867F456FEe452195ADFBaE,20
0xDF07fDbebcbCE5f9D2eC0b0Cf01626Be0Dbe2FA5,20
0xDf016fa0fce703b1394cFE5Eca1fd2370C875e06,20
0xdED9996f2DaAaD9D1e6A9A3ef5Ba9CC4EDC3e102,20
0xdeBb3AD56Bd328008cb497CD03425394B2748190,20
0xdEa447c2CeB745dDfea4a207b4b03D807C4b3b4E,20
0xdE3BfB40c36Db352c97Aa137fBC878f20820b69d,20
0xdde199991aD1A917BE29b92618Dbb1DaA464372e,20
0xDdC0Fc8e7ebf8Ca388a57d94A08CE607C0A79cCd,20
0xdD3B9cfaCBbea6F202973F4117DF24A310388E1d,20
0xDd08Baa447Fd24953c5beb6368e99bF23558f1FF,20
0xDCF696cB1dc62587F5cB7FB340E38194a5B1A365,20
0xdCEF59cCD7e6Fbf1474f44d4Ce98846F47EaE330,20
0xDcE203B83715194BB63017D4D6F9CE9fc2B1747A,20
0xdCA8E1F8F6FbA136aa37e3d9C927CDD7C7bdCa8E,20
0xdc910D0224862c4bd6208aF6e15525027bAE8E96,20
0xDc9019F1D4D504C1F7778Ffc132D3b18bB2698F1,20
0xDc79452045a32a8225C0B02924c957De427acE00,20
0xdc732fa7c76854b0F66D77625Cf76BFA32d0B68d,20
0xDc677780b11476DB678fee7613A2Cd2D82Cb5674,20
0xdC3418D4084916c662C600fE9e0C7fFCe6C98DCF,20
0xdC2554b8c351d3685eE6d0aD7ebC0115572469b4,20
0xDC07368B4A730D383d59E9D854092A86C9813D60,20
0xdBa982eEebBEC5D1BE9a459B05CE47567b95D238,20
0xDb89da291Cff6A83aE9815713187872dcE74FB8f,20
0xDb6ee33Fe10ACc2bdEA5bBB0209731fE2bc4f68a,20
0xdb64d5D5A9C85551a322c823808A47B7865fDF62,20
0xdB5C12c6d21983f6ae68C8e809d225d437192db9,20
0xdB59e4838a032b981DbBBBb0A79721259471d58b,20
0xdB3c8AE436C4162cE2Ffc2f31D255852c13BBBE9,20
0xDB1eA01F2a7617ABaf2933Ac4F8846c20baE195b,20
0xdAff08468Cb6390Baa65A206B6D865c3BA680Ad3,20
0xdaaede750BE88e0aA200e18274E8Ac16E86C84aC,20
0xdA9335F3093685a706f1Df2EFB837913fC99E140,20
0xdA722FBeDC2c14E17249FFDF294DaF43725b7797,20
0xDA4fa9F7295b2b5C297a6f08eCf39443E09c75b1,20
0xdA3d7DbB9fe32eD3b4455BA0507B9c66B4607710,20
0xD9e1459aa6cf1b59811376BF4636D01dB77901D4,20
0xD9bDAdF02371318359A3A552A1129C31a420a838,20
0xd9Bb837FEC49aC7926c40426C35aA81C6aFda800,20
0xD97Bdc580a0188B140E70b8cfDCE392612B70Fb0,20
0xd954795480e312Bd8147C8763376A4EAb3509EaD,20
0xD920AF54662E86f329da602873FD0DfE6D86982A,20
0xd90E72fB9F852e9Def526eA3425233174493D1e6,20
0xD8c63Caaf246A70208D7Cb89eABD375D0f0c1a51,20
0xd8c06f7dD6D5b235147f3843309448945d67063b,20
0xD8A53468d2417B7e79A447CeC460FEB52B2B53f2,20
0xD899FA227c34369383945411e18ba97EaA5b8552,20
0xd897cdffd0a0825Cb06bBb85Cd4a8489ec169D00,20
0xD86B9f488D34cd1245c5D12639e86D9D186a15d6,20
0xD8430211a7FE6086bC336A3fF9bdBD6Af5D2433F,20
0xD837780b05d0634b0C56247EDF8f820e254D0166,20
0xD814c55e67A8952e11aB3B1D16A72eD4C7bA1F87,20
0xd7f99029e9C299b43c22551CA1bC463917D2Dc30,20
0xd7B017c107486Ddf5db4989756B5B43ef0db2a03,20
0xd772217a56A3E07774Af9Bbc9A93a866727e2BFF,20
0xD7623bb541bb7E0C8341360dbEf5Eef304031071,20
0xD724AE2FfF0f3AB75715D2e554aeb1E96D47249f,20
0xd6Dd7FcC015c27D032e0AD65Ed39946E6680b103,20
0xD6aF0d7da94BCD8e8C7231e95BFf81B909B2283a,20
0xd6931633700eEbC03365aedbA6Fdcbe5d8CCa642,20
0xd653f6b45f9868F15965E927a964aC4A110D6220,20
0xd648ACf4226cde2F11b232dBb369b4b2AcD70DFB,20
0xD6249B6AE797a2333E2F80FE5843c3dbA1c9238A,20
0xd6136311F53C9AeFDBD210Ba3921127852A36958,20
0xd5f83f63eF6Fb7d5D68A005aCf61068402d0C6AD,20
0xd5E7D7234BC1b473b981cE90B751bb734B33f078,20
0xd5DaC5d0f5f8f936c8758710138b7A34DC258335,20
0xD5D9C97E3eCb8A540600Cf55A143D7868f71C5F2,20
0xD5D1bC1013AA873cBa478ba769D2c1F1560bf17A,20
0xd5ce1AAA6DcB88BFDe6C33C254B75642EB6E9384,20
0xD5C2618172D7343201e848D899F8F75AD607AaA1,20
0xD5ADF7e29DbCCCc75feC03b80154AaD837ea888b,20
0xd5a2Aa129C05D08EB7fb14FD674957b457df80B9,20
0xd5882Fd867dE6277441278634c1c2CE6D92C678C,20
0xD57e4a2Cc36DF0773742ea90317880beeacAAa6b,20
0xD570bdB4B42e494092C41320404E081a8B6b2cdb,20
0xD557A838D2eB2749f39e4afbA3B5E3707d2d6025,20
0xd552fed5984163846cFDee548eC96f7c9B2a13b2,20
0xd533D443a55A3099dEE34CE1733c7049Cc1729fb,20
0xd52F012a40264019E6D1047A77355Cf8FD4a7A43,20
0xd528c2e6BbE9E16B03f34D2F4673608625F32332,20
0xD4eb4172015FFe32fD938c6dcf19e874CbBdd42B,20
0xD4EA95bA7dd2F510Cd96C33680D04A1E71432F8b,20
0xD4e0edFE8b36fa51cB2795017b7cCDafE9949F48,20
0xD4ce1f240415E3114C467D7DaDf6DACf9000ACe8,20
0xD4BD1c3dA4dfA1216E8E7695F9CeBeA3abeaB0Ea,20
0xD48f37295f130ba2577a55b276EEee7f1a75b885,20
0xd48d14D212Ac03bCe8275789eB8Adacf9AC72b88,20
0xd48c1c31A8E574F82868fC8160dCEaCcd75C0732,20
0xd47f59Ed8d4E889363A79a56fEDf64223609E29f,20
0xd4772ea458a7Da0C885f8159d6c37470a8605504,20
0xD46fa5ed460fb741D53c38738c92F69fC595E87b,20
0xD469e2eE9d8BFfC3C4bF5e84B2de33a5ce9dB70F,20
0xd3D978C831cD72BeaF3F69B57bCa1FCCd50A696B,20
0xD392E72E52aDC7468ccfa01b6EA6F17f387ecb67,20
0xd38f9809250B93CDF5c08FF19406eB24e352dcbb,20
0xD386f43Ad4900Dd0EF566Cc49790eb5a749E73fA,20
0xD37BdDfbFb1424e7c84182b5DDEEa4E8b3f913De,20
0xd33CA008816b8d7fDC9415A423B89Ed35Bc8898D,20
0xD33481a776c1d02658A7ebA35c378ADeA2B6B1Dd,20
0xd334726eF802651dE27416BB7440CC090BFBd2fc,20
0xD3164061755694B09722cffaA595c75A6BAe0c9E,20
0xD300191Dc8c8102830E3C7874A88043f6772Fb9b,20
0xd2F82631315f8083e6d5C9F6623Eb837498c3781,20
0xD2D85D3D94779f879c266F29DE03cfc3AFbFc284,20
0xd2D25e5B58Aff8dcce201555405f4f46f9dDc5ad,20
0xd2C92681a7cc9D531d84C1069ba0C64c5e73b549,20
0xd2C7727C3f283282292D047372Bb09BB2a8B9CB1,20
0xD2865130e031F151A2e70b250Da73191140706Dc,20
0xD2356d95fB0D8DfafC4a9292547522acEc8f60B3,20
0xd1E2eF274C0F5c48f6A2c6a47d9f38DEdd6e3091,20
0xD1a176B4FC567aABdF561cF72d0b4d5B4814c99A,20
0xD189ae7Ff7a498b6cC024B55207B81cfcE6bD77f,20
0xD17CdD191Be7C6a5616edeCDB9536fAB9e3A09b4,20
0xD12f5AA3f91358f2991A6B320EaDc2266171F836,20
0xD102c2E34242cC0a38c5c07A4f1268Ac968e1C18,20
0xd0514E154c4F22af658a57713aA4e62e03725aF1,20
0xcfFE26219c0d9e77084e224cF94a0e098aC46042,20
0xcfD3a929a6F53A340F94acb9175050F4e8cA6ad6,20
0xCFCf2ab2b738Ad6d8320762a14cFF60F5E76C300,20
0xCFcb5987Ec487D08DFCddf9af1bC3eF41B7B892c,20
0xcfb7CaD427Dbe7458474178De4Cf233CD4c0DD6f,20
0xcf9f9a20aDA9d610a67Db5B92a8dB25822D0671a,20
0xCF9E01d9d254BD3902EF0030D881294440Ce9040,20
0xcF8e10f86EE3F06557E1af204aD6D4eD15d89f62,20
0xCf4e75c9CCFfBc6dB98d43256a4D3721C7d09B2b,20
0xceEaf6d9Cc6296084E6367eC9c9894E29776eAD1,20
0xCEB1EeA2Cf1F05B88efDccf161236a929D54c007,20
0xceaf79bD7B927dd598f023b3A728D3B9eE1F4bd8,20
0xCe9bc35b0b9EBe8fE64a0E0F75E430af5dF5d611,20
0xcE9471C517aE81a5D160d449F023d24a11d6aa7b,20
0xCe3Ad6eb1507A103B3858d8c11544dB19345c19c,20
0xcE20831F2342945D0B497F1DB601186663cF6b9D,20
0xCE18919A669D506C7561ABc7513799D05F06F477,20
0xCDBb8Bd31a0d8D3e5c44F4775Fd7C8a5E22FADe1,20
0xCd6b6D99b7751Ff30b68fa1365488EB73fa7cefa,20
0xCD614B3aFD76f1f5d934e33d18CC67b369C3CCa9,20
0xcd2d20Bc2256a3Ef98802b2e3b273C90832F0c97,20
0xCD1923492e29D0A75cfCa2D97b2Fc39C8Be13922,20
0xCD188bD1ab4A60ef944cB4c454b42c15e919e167,20
0xccf8Cb5B190e6DF23A144e736742D9B466f76B7a,20
0xCcF1478609F940fbA9dA4B4Ec147FE91fE3f3138,20
0xcccf8FBcAd99B2835c0DDA145b33ce25E99dD11D,20
0xcC8Af9aF1406DbA95a4f316EE98CC5CB05251616,20
0xCc67D99e35190200ecc0041D33bA02fD00e20386,20
0xcc20D61A4044542F8ca7F7a41dDEBDd807E9086D,20
0xcbD30596E5967DA74FcDcaDc27D5BfA1C4EEa89f,20
0xcbc82102bc957CC524BF83C433cff3bca678B7b2,20
0xcBa70ac89DC9236eb28D487c4fA733A561D0f3Cb,20
0xcb89e3a9eF64A781C9ea9631102Dd61Bccb3b7f4,20
0xCb875Fc90C89B571E0328EA18Bbd14c3DD20dC57,20
0xcB778C804ee5E9aA690C9676c15fA2aE7E8D0722,20
0xCB56F17a108Fb1106b664245d3883086494Ed2d3,20
0xCB50a33D1AF25130B939B120A5c1EAc768dbd880,20
0xCB3268A4936B97E76509e0d1a7236Dd6d4063b36,20
0xCB14334ED23cb644390906A1F31C50eA75333B3C,20
0xCaED7c7985CC114bc8851851E18F65b4a4F18f6A,20
0xCaDc5a856C3B75780662c7fDb98bCaDCbd187a1F,20
0xCaC9b9E4F4E407beFeDbE035a411a9fc4772FeD1,20
0xca49c92DA3963D7E2018B63C22eB6DcE91637Dc1,20
0xCA4299204ADaA44aaf9DeF988a6937932C69D721,20
0xca2a82c851Ea5f6b439d1454D0B5d8bef2a25839,20
0xCa0BdE547615dC9916Be489046FcCc18B992333e,20
0xca032E48047E734CD5978e769672DDAF29945Ca5,20
0xC9e42Af19F4bF0Ea5754FEAda5c2b85dFBfD0383,20
0xc9E0E99Bf423d1fEB148C23E4717a514563308EC,20
0xC9d87f695E812E7807f70CD8804f7DB0c260C744,20
0xC9cD75cdD40A9B242F4f87665B60e9bc78cC4618,20
0xc942292a212a8d1621F557D8718d21Bf3df489cF,20
0xc92D7F986365000583b12C04E9551C35682f22Fb,20
0xc92d2e48885De4222C4E7B5B57dFb8Db1081fF72,20
0xc88Ba80E68502BF35f472EbC158ccB6711d69ccF,20
0xC86Fd2e8a50252775e030a30f970C2Cc4E9cFeeb,20
0xC84FD1109f769e1C05852Df678Da5ED015109993,20
0xc7D4E410ef0FEA282470827874b963163DafeC10,20
0xC7be4525862CaCfECa65a489B98377B240B3AAC8,20
0xc7B70E709Bb287fF8c4Ef5927A3C3528B3db91CB,20
0xc74f9118565b1e6Cb3D67A9Bf593Ca5133e7E8C6,20
0xC721F11D57e48097d08ea584689f3c1197a5A082,20
0xC6BdBa85392ad54b979f3FFEd81DAbE2A0C2719b,20
0xC6afDcBA43C2C71Dc2A2E08dC87dBD53aB407ad0,20
0xc671DF0Fc60C81C5626505EFb15e834A180fBcE6,20
0xc6617fa72F888d3794a74AdaC3a1fB217cE37317,20
0xc6571c2FB66825F13b7751b1c334810D397618Eb,20
0xc603723a2ba76dE859d2adE380369EaE3ab37B34,20
0xC5AdBAEf21Fd50C74De85c2ccDa0bF7203297F66,20
0xC5ABB6EacB09768Bc5cDa224F7F11E053c99bA5b,20
0xc587F65fA9A7eA0511e339BF5d3c4Cdc79c1180d,20
0xc58057982Ec8cA3ECf21AEBbCc2A549fDd5d9e49,20
0xC546AcF8CED1FF890Dc6E6d092E7f3DAD6b3dE94,20
0xC4f8e336911da71Fb49bF754F27A4D1bCceA0BB0,20
0xc4d68346A6182D0a1473f4B2fefAfDa495047382,20
0xC4d2D64783Da136Df64781De5FbAa39F39298fBb,20
0xC4bEa063182DB546782f6AdfFB609E802faA1997,20
0xC493f8673fd7F369fB25AdBC30402f7d19c170Aa,20
0xC467370DC17F3428ec620FCa05c33EA647E80EaD,20
0xC44ed9e39Ae8d0800A7B320313fE6C820B00Be3E,20
0xC41d142b288b16f412dAaeE511b3487C23dBaB2C,20
0xC409Ab1aa760aBbd43D573E0c9A91c790D412311,20
0xc3C7CD9653BbFbf8B1589335E86Adb972012f8F3,20
0xc35e42F2A16385A1695BB959C1f49FD5f67c1F5f,20
0xC35b8468633e3E543706D57a51366B1D5ADf796B,20
0xc34D32d3edA3d19ce2f37B04DEDf44CE54Be72aD,20
0xc2f3A03C7514d169282Ba61EA07E3BD6e46D5752,20
0xC2C863D7C9c7f00090462bE2d39c93Af0297f693,20
0xc2B2968B0176DA8bf97a138094BaF92725fff9Ba,20
0xC2a83e4448DB4F3BD7ba1665c702aeD2C9aF0898,20
0xc292CBa9a61Df94E5cCD6599A6b043F89065E5C8,20
0xc28e79474a1CCe63e796034C22C3bC3c7965Be28,20
0xC2708BD3424a383F4A91B17ab8D9c2321E6a7f8b,20
0xc25f0533EcfD19ed060fBab335857a06552AD103,20
0xc255EcCf23a38A9e5fA5d02b165c19FE43bB22f9,20
0xC21FAEb833e2890EcA4aFAA914A17F41f4ED53E8,20
0xc211861afDa1898D781f71fadabF4965D93B00ED,20
0xc1EC2b30b2A4A7422c5c464129fAB12E74746CF4,20
0xc1C163CF82c7b9f00d4aC4e94B8d4dDd5E670003,20
0xc1C06b4a4C9F0208Ce10861a859F5218a705dF0A,20
0xC18EcBe4EEc5BC7b247916075Df7cfdBC2d8398f,20
0xC18bF8471BA2D6A04546B98CAAd2C6885E1d4d95,20
0xC1343ca97CDB62F0EF653cDE9f8f8Bd4C576d87B,20
0xc11fCAED384BC75D2A40Fe4b6d6Ff1c50Fc0e9F2,20
0xC10B68989f954F46449D5B39303df738605D553f,20
0xc0CB8c9258C4e901D3e1e6569CC180402C412aB9,20
0xC0A942fB3833C8D55C8Eae43Ff8468Da4CC2fDf8,20
0xc0866A9F23D6fBcf3B24F2cd6d8A8b1900aD2bC4,20
0xc06d1238B6f2F7F22031894C8aAf3cB690717820,20
0xC06CB5FAE173271FdaC1D29Db7C19BC66f93344b,20
0xC0602Fae5Cb54157d427f7511Cce72753A9BDE16,20
0xC0553A677edCFEA471Ef01c9664Dc5865a469883,20
0xC032869C87f7B1581dB7f24E715CF5Eb0D9133Ae,20
0xc0296AE700B104121EcE1f74937320d614FF414E,20
0xc021533e092B78eC07b6882c665BFe0680919D43,20
0xC0204F8b71374b05905cC80139FAc0B0A6254437,20
0xbffFa9c781437D62e099088DDB6CC46552B5aa75,20
0xbfe06778da011c6c3e3d1a92Fe748aE1700abb77,20
0xbfD0A6940B3631ea85750aE33647CB2d8C66747D,20
0xbfa9234fECB07Fc6c652Eea13f59ec98E5eb9F5B,20
0xBf9ed807ed1438479ebBbD23bA06c0E4B0F0Bd84,20
0xbF98a7B58eeB60dE52Cd545AFC87CE353AC80d1F,20
0xbF946bA4650c5050aeFCFA338Bca16Ca03B7A0C7,20
0xBf8948ec4e96035e4f76f027F2cF139a2F10e0bc,20
0xBF328586fa4A333658596d63e2EC89E4615FC688,20
0xBF2B3709CDE5Cc8916Fed1BB58b18a63D4C2D752,20
0xbf1633db9da394d774c87479C0cd1c2c67F79532,20
0xBece9cE59e8FE01625B037F37C9247bcbb96ad39,20
0xbeBDE441E9E51E304bFbac1031ad61f78472D8CB,20
0xBeBc3198d7F107876D5BB59e3F77A68bB4FcbC87,20
0xBeb2F20A4E909e26887231206966Bf1e991De812,20
0xbEa603E84EcF96Bf9b057C0fB74A2f4af0f68115,20
0xbEa58e7b1De06875c97022625526b555417d9611,20
0xBE8eA0B02fE60BC5AEB801967CC5883209350E63,20
0xbDBfC31119D40B3235c8a8A7648aC9e7F4F80dfB,20
0xBdB478a6b1508639a4687a7C6C6b18d128d313fc,20
0xbdAB2d29A7b3d549AfE6D971C5B93e26a88E9951,20
0xbd68e43cfE508E38594749b5C006Da28c05A6FCb,20
0xBd6239C56a7127CD583b10eD460c4E73BC91b866,20
0xbd0c31D74B3282e17434D3061bE1E488bF8c1cE1,20
0xBcf569294Ec7dcfcdb988038641AB010BAab06b1,20
0xbC53178a876F2562189084B7B0c6b61552647334,20
0xBC39931b14064eD1cD4A717E150D7c6CB1942D91,20
0xBC26F8A341c9B16bBfFff64Cc23647842A2650d3,20
0xbB98EA9216DFA77CD9FEAa1c3Cd14DA77244dB0f,20
0xBb7aBDa6982387CE64a23df6fc51b6bAa2AA9d58,20
0xbb4602d89C75e2669C2b02Fb88aB2B19EBE2Bb71,20
0xbb06Fe191495ECAC5877f2e5814ec49B6C6F7968,20
0xBaF7580b741503907F8C187cA74F13A820e6B770,20
0xbAf4C8d4fa9c2694Cec0a649e7068Fc197c9A486,20
0xBA9f2d03374b3780dCd1326cf8a213fcB8295602,20
0xBA9185B819714B01F74B129096F37564D0518749,20
0xba73c32407B4B91FF96A0Ad497F19df2b1651Ca4,20
0xBA6584e0d98280D2baae320D3d1C2ED615696103,20
0xBa61838207e6Ccb38dF9f9cb76c60b17B065786D,20
0xBa59b22Aa9D8aC80d64A3d95C5B2ac491F3Ab6d0,20
0xb9CcffD9517B99B8FF5C6D3e9e7d6Ad97b626904,20
0xB9B3619F265E6935076DBd0215C8aeaaf42d2Ba0,20
0xB9A1DD19b4A26E04c4CA868917A4FC3fe93E0880,20
0xb980704b3E696907Ee85E46E30f615C082a4eFDC,20
0xB9792af2d795B341C8b9f84aC2026D317fCa757F,20
0xB963cE7d976c46051149C7d842973753c57Ec8c7,20
0xB93971aF0CA58232a4512eFfcd55B659C4ab37d6,20
0xb9270C481226d7EB33059426dA6ea5F81F8bE857,20
0xB8ea3ae52E3e57B3C2B75d740Dd8f04682F808e7,20
0xb8E7B4309b310b3D716d339C5DD440138E5702c4,20
0xB8b6F5e74148207d0Bd749732f95185A3Fa802d9,20
0xb8AbFb46422F6FF4C88852a299FaA0f8Cf5FEF8D,20
0xb89C2956C74C8b72a85C376E441506ba659F9E7e,20
0xb84738be7E41A5c029510325D1F877FE4000FAb3,20
0xB8410c4b10Cb3ec99ecA5521Bf0189cFd171fE5e,20
0xb7E6236e5667668762A2a607cac190a38DC84497,20
0xb7adF06AfE68d4d520D3e1244E7c04c4C6c43aCa,20
0xB7932e2eEa021f0DCcCc9C0D719288940164fDaa,20
0xB76c29C9044563C324DB10E0E782CF0bfc264d21,20
0xB746832F6a50A314459a010ECda9021982b9873E,20
0xB72dB9b90D863816F99D57d5bA2CAFe193Ae9e8D,20
0xb71CE9D4489137898946B6adEa6107DDD7A7e5a2,20
0xB71C883eF954A4f6da20536473195150655F6158,20
0xB71b2eCc3DAa289452d6ff3b34Ef2F5643337505,20
0xB701dfBDff91273ee43F4DEfF2FE6eFd9e5dB7Dc,20
0xb6E1c672BB17D73E9f94050112ACb30E98DB3b6f,20
0xB6d32A62601ceCaAE5b6774F789FEf610745770F,20
0xB6ce6019Fd699d0Ec8051d4c6a2fC26c73f03cf7,20
0xb6928dd082b14Ac38Bbe0BA5D614E6941c75C521,20
0xb653b2Ce4c8Ea853AfC3b69160f931478B0f0229,20
0xB61AbA6fF03fd22F55363D58ed0449E2Afefc85A,20
0xb5F4c4b33c7caE3A792b028754fC3922c73E5a81,20
0xb5E0C7bc8A4813A054E01F6Fa8EbFf039a734E3C,20
0xB5D1c37ac2C8FeeE5c065f13ACf3C26F6F561A0e,20
0xB5BEaa46A022e84ED944E44124b59bA5BE2090A5,20
0xB5BbbD06ee592b74cD02Fe5e9B2530f19B96bd66,20
0xB5BB47c4fe566273B09a9466F68cd2B5CafD79c5,20
0xB598B04397e2569c2Cc53E574773FdCd5F1d86Fa,20
0xb5804cBFE9233E82Dd4Ce36b025d6e0C8eB29886,20
0xB5781e61E5dD06103D86b8fd84597030A41A848d,20
0xB56B2dBfd9a0A6CE9bEf2b6e2f23BD91b5eFB41B,20
0xB55F7a56C8B1f90e2B848BE2f9945100321F710f,20
0xb4D1c5F9cc01eeBd42C2e8f293FA78e0C278d94F,20
0xB47cb784F81d684385535A41536Fb49829cCA9BE,20
0xB464C1eeEc7731dCd50794666b573E9293E9493C,20
0xb44Eb33d6b298b0541906183C34f447EEAE2aE12,20
0xb40e2D6a3592dad2b92Cb120698D54BeB0Cf9A1f,20
0xB3F70139517D64E9006ba0FaB8998211ee48c121,20
0xB3f03939C57deb86123fA6bacc8076C1497868a5,20
0xb3e7e7AF6D6124EF68AcC94831BBAC2c10CB30b8,20
0xb385BD7809DE203D57A2C12E66689942a8698323,20
0xb365835c63CBe4aB8F5e3e34e5dE9c54E1F88328,20
0xB35fDa0E7F470Ccf64DC608C391993f9BDcF501C,20
0xB3356df1f6D7e23Fb0b3033c0E796ef4326249bd,20
0xB33539A0FdBfddf79452a69F54822d1AbBb5CF7F,20
0xb3269044e0dCDD0EE7Fb5CEE7be08941012d2e1D,20
0xB30b7C1196c85A0daFBbC6f98ba288e61089D148,20
0xB2CCb7742b1597EbD2aB987B98bAAd94d4E2f321,20
0xB2BddeEb907797F9be51E3f9f75824f83cD71B67,20
0xB2b1E2C3e8f6bC56014DDC85F2754F1ABaBd0827,20
0xb27F557E86318328bE029119D2aB7254353C8752,20
0xB26016F1B8559d05576A9bBb060c9a60E3566B2B,20
0xB25A39dFAf3BB08FbfAfce5a5Fea357897f25Dd5,20
0xb21B65B4638D3c2Bbd18C1301F59A407a3aB7457,20
0xb1C66F015E370Fe7A3EFbC8a47bE63BA55794cb5,20
0xb1A40CE5b10711832A5345633A72c5bCd4E7b9Ce,20
0xb191e76242C7dC39377f10582026edAa52d1F548,20
0xB17E4CA8216192575c3eB9b89A85c28c7DcBecC5,20
0xB16Ffbfa44120CaB0ab73570b9E7A8b0671525E3,20
0xb13F089e2666a84E376E65D07a079775D1B22875,20
0xb1114Fa3B53280A9e9D70158C71647EeC2bc74D0,20
0xB0D05d48F9c464d6510b12C8f09A36ea47a836D6,20
0xB0beE63411035D20742C89E5cCB04C8bF995E91B,20
0xb06B07080CdC96997a2126C50Ca0576ec7B8a1C2,20
0xb024Eb0569D4975e0242b65522ebE93DD4e4a28f,20
0xb022CA18e42bDC7d3ca5818eFeAFf378752aBB49,20
0xB007BC14e066cd82405e1D9C19F8BFD7C48787fc,20
0xAFf8C16838960Ea45114a8f9f818581Fd026687E,20
0xAfD72e89bD19d603597e08F4C56f2d3d6E23174a,20
0xaFCfCB36C5166de7BF296C82FC435365a6b2aB14,20
0xafCc8a15F02e5e1795a5d1018cbb3690ea44C621,20
0xAFc02359b91dC3187307bc8c2eFFB8578360DC49,20
0xaF925781435B9C69D2f264353fd2d4Db6340Ae73,20
0xAF8673511fDC5e27782Fbf5C1189f45eD666C53F,20
0xAf27D5d9b835f912501B64c5A2E681AEA9B146B7,20
0xaf2500A7500D4Fe1237f685Ac22769c03756b220,20
0xaEC3c831AA589839C74E9095dc81EA2C0BC04D0B,20
0xaeA3D80E982F9A341266d5562e43fc71CA17F76E,20
0xAEA0C7f836189a2E0351E700A0B0b2a68fA17425,20
0xAe9e03B43613f1c5e6c6C607543F7Efa95b86345,20
0xaE5688e6892E2D7b3ec1271fCC5Cd8D4458c3222,20
0xAe439D78aF676495610Db100C9335FE4dB55feFd,20
0xae320FED1Dd15d9434DB61C7E24D320EF0190551,20
0xAdfD576DDD60BB0D730DEd731099F37514dEb35F,20
0xAdEaa590811861c17f4461c100638332DBb16eC7,20
0xAdD599540e9a061fE015DeD4255f92D72901a5fD,20
0xadaD0bD9233E6c65f8c93aaC64B99f47c4cF9477,20
0xaDaC3590E1573243Ba2db50176174B7Ab37297CB,20
0xaD6A8467A16CcE62337958bcd7dD4768a610311F,20
0xAD64570286f8dAcc68A04eEAFB080127a03e324E,20
0xAD229c652452fd51be5Eb8FC91e8fD1d4bC772fF,20
0xaCF041201BA59efcC5733469118Eb84fb59b0594,20
0xACeE23c07a587C16B0691AB7724028eA15360e35,20
0xACcf8C952De52D69Dca7616256913FE3d33CA72f,20
0xACaA7572db04F460E734ED18C7CfC70508F85e18,20
0xAC75f7fdF61f0bc91Ff74175117e429178674090,20
0xAc6044Eb42B4Eb82bE4e67c9B9e7Ba398B670245,20
0xaC245fb9112B766Dbc0452b82C7dcde7E9271a30,20
0xaC1Fa37FA2551D04A3D5f01E7B12B9A0c42b4D34,20
0xAC0e2191C25fE96344B452795665C54A579662aF,20
0xABf4984461bB286eFF4d36ce8085713F20aec788,20
0xaBed50832C428894e650B667478B0f4AC402D713,20
0xABC7333b1a92B0c2265c30b12291785A8Bc2B084,20
0xAbb0e03bC5D33a4DF07bADCC91560e7367109f72,20
0xaba7eb69aC407CE204f7d3C13C86f5AAf508Ad12,20
0xaBa0B945a0d91F1c8C6502aDaEefaEAe445ce8ac,20
0xaB8C451Ea534bAb7d561c1DD774883FD3461f44D,20
0xaB6359f50C61Da91332167FAAB6DbfbB6260b34c,20
0xaB237D50d0Ee5FE7425F3e1aAcef7E666E81A653,20
0xaAF937b941247C6Cc5F87a7281f1FF88b83FAAA8,20
0xaAF34BB5d6806A75b14a491c89F5f2d3D8e28b0E,20
0xAa8a302A26be5A85ed2F6ae5764A8ED8d1048d23,20
0xaa64082b625C0B599Ce2bD6223feC863a30a4811,20
0xAA3C5Ca39E787b651Ae1Af3912c24341B1137b14,20
0xAA38eb08124E0dA81018ab8D812cb1e05a863448,20
0xAA37f533567BE6294aF30BAf2634ab139B0E0D04,20
0xaA23fAFC946D70Cfbf0D0B2927A76a3C21D317E8,20
0xaA13b8Bb050E5B5a8f74A92e7D02885A167fff96,20
0xAa0f6777f11473FFD98219214D4F060Cc87790e6,20
0xa9de0B43F850116fC55177c8E64803D7747763D2,20
0xa9d8A322845688c8fAE79D5CD9e05BCAEA0D164C,20
0xA9B745c569F913A8D4FAb392163bc6810708A9d3,20
0xa99f12C93689d55C9778c54F2bbc2a39173dA7f6,20
0xA98Bd681775CA29f3c5Cc2326C38e641b034F6AE,20
0xA989e7565fB64Ec2c66519FbEC067d888026275B,20
0xa940d41EdbD0E6DAeF6aDAc8BAC3AFa6533168D3,20
0xA93BbD4A62dd069f6E22d73AC2561cD201eF0218,20
0xA91D3e7050e818941c12a2772A733C8EcDE71a46,20
0xA8d34C37Eec31eA7d8F4FA0E7e50F450e8A246f8,20
0xA8D2Db3962fd70b31267896e475395a9D7377b94,20
0xA8cBF753d92956010D19a1ca279E70696A91eDbA,20
0xa8B50094f4d3A3E535A6ca8830Bc76D41B79a5f3,20
0xA89245CD79f31F2D1054d6709ece8201dC6d325B,20
0xA88B1d599F10fb5dF8C539490a1412a38bC64eFc,20
0xA875b1Db551b547D2A6C388A34F530e5AD4Ac575,20
0xA8483FEEa5AD4365B2df3Dd2279a35B9Dcd844c6,20
0xA8312b350348344650d0101ec26F25DD9afdfe13,20
0xA80d03D08aB11095A94a105Fe0f11E8c85571755,20
0xA7F991f7a1D220137f61BCb68e9A77fe8f3Aee08,20
0xA7ab0228E7870F430f9D79f4c5826a6f1137A164,20
0xA7a1e8BA19FdEa49530E9c4Ebd7FF3D8612eeF6C,20
0xa79Feb958667ffbbA9b91673904182e09C441913,20
0xA783cCd74fFE172b75Fa8351FB259C44c0339eDc,20
0xA77A0a3b67b4a4602503A4eAE1F9e0758e126853,20
0xA75162402f2b1d4316Cb93c73cE5d7A78fF17829,20
0xA74b80E008F8Ddb71135D257e32AEff00d57b596,20
0xa73E2c08CbaFf12f170C10390727d35fDA32BfDd,20
0xA71Ae7cf9D8e5bc3c77C76F04c31505517959f87,20
0xa6DcbD23258842C59eF9B733AB5a639AdC5d9cE7,20
0xa6d315Fd469692c01171487d960c68547eeAE0fA,20
0xa6Cec34399fA835D3C1d060fe98E6146BF070716,20
0xa6cE5Fb8EE069BAADD0926A96B633a69092e1484,20
0xA69D2Ab38331d1F16Ede1351DA872320264DbB68,20
0xa5FD4f84CeC51a0ec0DD40f6434810Ec755A6001,20
0xA5F9419373f0A88e3A92BF5b944A84a19DB555Ba,20
0xA5E46674A2E1058DCfDbE3Cbd8bbA1eFB8cE0B37,20
0xa5DfFae6a43F0d661B69fdC35B2CDB8777878735,20
0xA5dC2F4169ab5C736b6b27D57914bEB52383BCa9,20
0xa5BE9934a1a32fC644bdBD35962EB27c7EcA8b97,20
0xA59a2309e6520EdCDF356F5807F13EccBc9cc3c8,20
0xa59616336CC5f4dcB3B3A14Ce75c01F4412372DB,20
0xa53544BE15f012bcCd2Fd66e9193FfE3aF45cb29,20
0xa47F06571eC7e69FED88bc71f8411734EbD590a5,20
0xA45D9BDd459323fCF27B9D2E06486b594e84A6b9,20
0xa4585f53BBeAbd2470397eF8De7Ba00747085846,20
0xA43b8A1EFc70a6816E0Cfdd56Ef06f81492a9aaE,20
0xa437edb5987318649C05386801135A0c0bfcB701,20
0xa4130F4bf48bA80E6Badc5e957D676dF757b347B,20
0xa3d9e63DB8534925dDb73cB25E6bb069F3F3Db87,20
0xa3D4a2Fc2c6327fef4B95f0436498C5309763DB3,20
0xa38f0d8054990BD14b17C8FF7D5c125783f2e42f,20
0xA389D8F6d8cA5b594f7A6987c10Be28541E81169,20
0xa3758C157c8e301d003AC1D54fdC77e91a9511E0,20
0xA371dcb999fbDCCCA516C7CD93A1151488a4D462,20
0xa32B7Fa0A5B3a7630Be3FACBfd61c2f674950Ffc,20
0xa328c773Ec172bC525A168B54E46948696c8E020,20
0xa3160150C41f069023E5678c3514a031c9024C26,20
0xa3134dbD49Be0e3d42F2eC936fD87C970D36bc3B,20
0xA30d66a690E0358F4Ba18f769f6Bf2D4A618b68a,20
0xa2bBFe92feD4f959D1a8eec58a1a37f6F9A610a7,20
0xa2a48e20850A949A48F6ac85Dc02c980D8b9eF14,20
0xa297908d03C5fC3D08028EdB490E89efd9a33E2b,20
0xa27bc6e75D3750afE806A6FCd93Ff31959760387,20
0xa2435fE9A8c306b96adA0366fdd9Cc0f2d4E5DE6,20
0xa20F99757FC312D59623272d2bB85299b70a8806,20
0xA20bF83FBf03EeCd704E7f66E46761692CaCAB15,20
0xa1F3D10affd88Dc27ebDeFCB1bb6b53b14221Fa6,20
0xa1692cf80775fcAbbB0677d4E82701A00Af82741,20
0xa15c4C4D64BF45097d78E84f139d73563D9b9609,20
0xA12279E3433BfF7977212Bf37e428065d1bFca87,20
0xA12075614057C31e52b5Dd2F249a3881618Abfcd,20
0xa0f7Db3f5FB2Aa4F110a4fcFd34037Cc4A118225,20
0xa0A3927ECF61Ced8A035c0BA44452cB282c8d94B,20
0xA07E2D7eD700B01447523D330508291138D5F113,20
0xa0270481f74C59351A0Bc8fB0EFDF05A367b9b7d,20
0x9fBA2FE25378270Ea6C41995C7C172ED5b8a56C0,20
0x9fb4407fA50fd04c653d6564C09498C054E2888c,20
0x9F686b24C07357c6BCA8F3AE28A395884253B89e,20
0x9f1c0CfC21a750ED37035147d84F0eE58a227190,20
0x9eFa4271b120Fa198670DEa07E5961Fcf2C3444e,20
0x9eEEeCf39f391B2f2Bfc25b7EC871FFcA8d0eD2B,20
0x9ee04903Ab0ceeB7c756B24D8fC38B1a5b9dB3fb,20
0x9Ed879B8feDFf3B0354213A99a06f857C227101b,20
0x9eae7c569Ed74c1153Cde963474EBfe9C4ad127C,20
0x9E98B2cc96bA597a33fbC1dFB8B492b43062c73E,20
0x9E9135F77884237142328Faeeb2840Beb1192Ed3,20
0x9E762F35F265CA70a7FA89e01e547f808C8Da148,20
0x9E0EC037c14819Ac2003CAd55640F3e77357F93c,20
0x9Db5a5508Df9CD815a6A41992ff10ff0b6F8Cdc7,20
0x9dA690169486C93C76353EBed8c3289DaceBB25C,20
0x9d8A1f2890aFf978c2eFfefA3E4367A5Ad95A6B1,20
0x9D877f2f1a8d24b5AeeED66eB679F6F082f9e135,20
0x9D784dd0d704788d567c33DcC36eD7884158152b,20
0x9D6dcB1ad3301617ECa114EeD07C069fd9De80C7,20
0x9D6Ba1E6bd71c6f5477EDfdf4125abc48F09c993,20
0x9D4962D25d7419441eD8E1902F4378B2484EEd72,20
0x9d3050Be61e8E554eF9E5F620Fe6E6CB72F314a3,20
0x9D2F582938d49a184b6c4743D13bAE1A6d6c20B8,20
0x9cd8ea09F4AF48F8D46151af612322861dEDF78f,20
0x9cd67270eFe7FFC6D77672E76004938D98B32AfE,20
0x9Cd28B47fD70B87dC4A42cfF3f0d7BD7856b7d39,20
0x9CC6733769eb37435352769bEe31f2EdB22BdFb5,20
0x9c80810A659b82ffc4bEf410B688202A2938Db9C,20
0x9c7c39217c5Aa030E4Fc78Acf5Eb6340BF30670B,20
0x9c6A6D5AF082F6a72a036eA97ee0d211D58e8F73,20
0x9C6a12A7a2Bf40c54663B57e56741f74C3f87D8c,20
0x9bD49CdD84f19B79e45D98744BC8AC5D7fFBB4A1,20
0x9BBd1fF42f331b641d448D846C302b9B3C0feca8,20
0x9b88Ee3Ce52052085f3fc0Beea5009A2A13300e9,20
0x9b8581114fE5A51f397021cEda504f2FffAdE968,20
0x9B56c64A5899919e6314c17E1EF5a1419F41C49f,20
0x9b3FA4C70608594B3C875D6eA3A56a78B8155165,20
0x9b16447db5A390C3e489611500267aA44A05a79c,20
0x9b0c4De86D5E9826A55DC8601F0EBa69B0dD24D6,20
0x9Aeb5d5E939444db4665e9c2F18fA8dD2Db0A292,20
0x9adF8aC3888C091BB2C71222b396cea119135f25,20
0x9a8c1E9fedFF7Ef50bCdC70D2db093bdA969B83E,20
0x9a7AeC9fee56e448A52277AfE3E8237F89522F3b,20
0x9A5a24B5F8be602f908Df40D202c04072E378B68,20
0x9A2a204648740B44F40f9662BD930320CE5de182,20
0x9a09f5cAca82B67eDD330CDD8d50b218A82cfAC3,20
0x9a08b924E1eCE4DCA8177A87aF1e81baDdA69df3,20
0x99daE7af846f5855E1Ed0d40ce28745B7f607842,20
0x99C0Ae7878a491087b224347082E4be4382795F2,20
0x997E684b0E92a14f6545bF3cA7b5c1373Ae3DCcC,20
0x99590e5801263DB093b9894a6B2264c6C3FB645A,20
0x99464B467989BeC8078c383B837ebed2a9dFF77d,20
0x993cb9A269c182391eae86eEaBA7bB9ceC9684B0,20
0x9905b119543bf09671e45F9b68e8de5D7aC66D85,20
0x9905011cA86aDe826Be0272cb3DB1d6cF347eAbf,20
0x98FE200EF232Ff7C91BE39bdda1F04D11D340E1B,20
0x98f72E2Fa58F90810F8C0d265c02a22D318e8f72,20
0x98CC489b6D2be6Dd9DE92ED361c542475983edB3,20
0x98a00f42Ef8e68e71fb241CB35fdBdcD49dd8F9D,20
0x9892Dae8Bbb9CA320Ae1918AC2AC76a95aFC1339,20
0x984e946C8B2f139CFd7215267cC0f570C32FbA15,20
0x98273FF4e0199873aad895657265a9e5E1188A58,20
0x9823886C20d9BF5BFd0BE3A416aaA8451049aa8a,20
0x97Ef9Ca7304C369438cC8E3aD0FD75912C06278A,20
0x97C941219b94dC032e47AC78426A994534414029,20
0x97ae912A8AF25dA196e48e75fd848a6d8e505FC8,20
0x9789858e4593dfcBD12a31bd7173694CD963E782,20
0x9782fc9b78D97fa98135125c8F9A9ae2785E32F6,20
0x975d6F96b7E36e094c0b29D01C7e1cf76A9ba973,20
0x9749a6107Cf38fd36Ac60D39F9B4221dd1C20336,20
0x9739C0FaAE627DEd3c01f377eC8C849CfEdb9762,20
0x971Ef0BD60d8c22EC1947CCA3cBf3B53ad030E7C,20
0x96EF00ef36948005F5258bE5d4be3B43f834CB31,20
0x96e70A184889eC60e9ad6Df1FC61Cfc1C9a13776,20
0x96e5C72A6b258740baE59E39948CA3f7A336F513,20
0x96cD8CFd81Bd94dcCD03B43af3a7E3aFF053Ce1D,20
0x96C85aA6Cd32aE005758e4f2Ac420391784e3Bb8,20
0x96BCA53ec7863EC469FfAaD6f3b15B4b64A68F3b,20
0x96b7Fed4b8107CD708F68ff93848187062e83d72,20
0x96B4544E062d0d2D6FB5Dbcfa18845c8e00F8DA4,20
0x96B24426CC562e90871aBca2ae15F5AffC354039,20
0x96A62D30fd6A6d31F957E4371047695d24b28538,20
0x96A08AD5FbA4C463A08EEBC98b4F73C7Be87ED82,20
0x96990844915eae5f39366dAabE1c0793Ac9Ed574,20
0x96942293f87cC387B518053bb9b578D9dFe25d6B,20
0x96796208c64D5b3B895b345D4DC87636451f1902,20
0x9667C8867ab3F502A35186fFC1154d33406022cd,20
0x961a9953675a1262f9814865F66516780687d3c3,20
0x960E5E018552903600b6B5112CD84099D8dE45eD,20
0x95F59E35BCb94629C8839A5BD708EbcD8E9447aB,20
0x95Db6E142122548245b9A657fF5Bcb56bf6a2dC4,20
0x956B719638C35357701F98C5e3dbE10bBEE0db6d,20
0x9556b7142E8Bc5c1Bc11405a51c9031Ca29121ce,20
0x9555dcCa29229021175E8a981Bd850b32BA0bF2c,20
0x94E125eF3524BCab017fa527e5C63038448e926C,20
0x94dB2E7f0dECc4cDa8181E6b7260a9e7940Df8b6,20
0x94c07D52170a3614a8cb46fbef09b99549a213ab,20
0x94b1050eBd3b5766Ef4501C21efeeE65600252ba,20
0x947d0a7092BcF7f5B16Bc3BfDC8aEcCc11C5F0f8,20
0x9473E126A1498d4028D6948Abdf7364760560827,20
0x93Aaa6cEe515608F9AAEc2704B04752943c3De1F,20
0x93650a6b28c1aB4F77e5F4dbF938B4B36AB8556E,20
0x935d4F8127B67181e42CE6A098062F14FaAef525,20
0x9322fa26F9F87b92E31Aa2e5A0E754054a00Fb1b,20
0x930235C472Ba11f9945bd4016E00264E04f18E0D,20
0x92e760750D93DAad87B75CDF87fDd38bFF56a123,20
0x92E447E64022027c2e601D366D386eA538213562,20
0x92DE1C06fFE4a67B27Bf33aE8fFd720B4221bFfe,20
0x925FBD70127845F348d3cFc61e56b5180516eD36,20
0x92433EFc437d5d92a11433Ed45D723265F843Dd3,20
0x922E48b214596b4A6FF611e4d6e618f0277c78aD,20
0x920bE3310b92A6E9A4c7196edC1530bc75F48dF4,20
0x91eF4B1685927a5Ad1C63d3565754B4fE78c316C,20
0x91E4358944af256AA246e61Af2dc70D63c19c493,20
0x91d426f68B1c2d18417C4D4d18ade5d104B60C5B,20
0x91bf452Fa8AE5615592E2c884ab9cB6A773E892D,20
0x91B67ad8530183Cd764fD154Ed3EC91820bB6397,20
0x918de38A14394699229c430F07CA30C58a377D91,20
0x917b2A7C2B4d1F6DAD34D18a197E34Dd7372D83e,20
0x913c4028dc9903fd8bEC54711fD9ED738159DFaf,20
0x913A12883e39fCD36B7fb1D583Aa30d48976Af2d,20
0x9117f19d1313C2d60Bd47BC787C1fD1eAf8247f6,20
0x910EC7306956EAb100f7a4211aa625B79E0A5430,20
0x90d68F8Df39DC3A67D5dCCd29bFC60080479B420,20
0x90C3d78826750642F99824e952256BFA0294dc25,20
0x90B67cC97Fc2cD15525818ffA61209c2f3d5e4ef,20
0x90Aa0762fE843b3a103283Ba033805F2ceb62a19,20
0x9078E814f45D3ebda7dB554Ec9EE58A54b976CEf,20
0x9048DB4c4FF3f0CFA3936b9e33cAE17A2e66e9a8,20
0x90342cB122db11eA91842576Dd08B524b7f35279,20
0x9018bE71109a6f9c9F8167B95B91f98dC4114933,20
0x9016Eb76f277500C2755C4eeF7f761CeeBed2cD0,20
0x8f8A6A00fcf71eCf27b04BfF11f7042356AAa7e0,20
0x8F822CAcbCEE022196E86d852899B6D9d292349c,20
0x8F7c1F13d6Cb0fbFC357bB066958A4fFB8B45BF9,20
0x8F7124E1Cfae235E2F3d52986C61b82F59bF7ff6,20
0x8F5fBDB5C9601ADF372bfD48017F2762485946D3,20
0x8F43DF87C2fF2A1648D63ff3f9683dcd06BcF6A1,20
0x8f2Ee979D4275d7345e66490F71E25FA156eAAb6,20
0x8eF45382997be4529cfdBfe03Ded7eBf63f06B5B,20
0x8EDa50A0AB7f82e8907710c3CbA92AC3c5c777E7,20
0x8EbF989e0b7f1250bE111dF81f0b9142A8443097,20
0x8e9D10Fa3887e1B2Fbbc3E73D6Ee7607389295b4,20
0x8e7BE72920cE23a79B906aD5ad12939b3e279dFE,20
0x8e6c158548a1BB2209a2f51f63FD8473B7259b60,20
0x8e68BdFB45ff3aAd18134aA1E307A93502771131,20
0x8e3cf2687f44a74c453d9bbdc252f661Df7f084B,20
0x8E2a341007F90B10AFF2Ee33fF5D01B94Ea3DF45,20
0x8e25cDa79DE06b4ec1f0713A75cEC104621B8E72,20
0x8e084ca306aBE919F70AF7A65Ed6804C73C90D60,20
0x8dfb962cE2217a538D93eE9bCD541e1152f39463,20
0x8dC7cDA3F0d1D567348cDEC9e0BDDfde22Ae01bB,20
0x8dB94922BFa5dd07Caf5f6c5e51C01b611c0D89f,20
0x8db78825497Bf47Cea2c2d65333Cc6Faf4a7A7F6,20
0x8D70f059A73E0C1154171c6C57090dF53f4e334E,20
0x8D69a6A353f00D954A34E798427d6fBf2da5fc34,20
0x8CF52bDD35beC9b03B501535b66E56C6D7fce92a,20
0x8cE03C6938328b1cCB9d705E6909A90B6612C288,20
0x8cDe5aFF8903A05b7A7b9Ae9d9Da73B21e43D90E,20
0x8Cc1618642EeA7Af36B28c8883ec28F7e9402d4e,20
0x8C6C425e60C0F9aC97234c8AC5a85f58E21Ed4d6,20
0x8C540f5D398Bf7C377E72a0942a52D795b47B1c9,20
0x8c244c4005CfbB1731203709B1f8B054C9cA2938,20
0x8Bf1fA98026949Bc8785724EeD3362a322681BaD,20
0x8ba9166819B417d9d4AE9ec3E370bfDAFC58fEf8,20
0x8ba3e21a5330F391984F0506D875427b3A0F4c03,20
0x8b677B711e644EdEb270548359fDc4158Db66cEc,20
0x8b202592F96D982b6d8dB2Ca199D7f7A9Ff5E9C4,20
0x8B147C4dB4e2616C0bAcfb29F5C61589BC0dE4dC,20
0x8af5543a628D1a42DEd5B540e24E124885301289,20
0x8AB182432163ce5d31bB5e02B7B584B5F6B029c9,20
0x8A8E02cfB25e9b252cA6c10B792b6611163C14be,20
0x8a7BbF2b8f6409deA2761C5BD2B65fffAdA4b909,20
0x8A6E76e0B2E1d58b7A9c970202F9B5e28c1170d6,20
0x8A6dB666e574A3774d34Cb008A601eB8925456cd,20
0x8A5b7226da2047cab7a9Ea7b9c53B8530199Cd53,20
0x8A1746081D6D1678071678A008484E8fAa21C5c6,20
0x8a02147c48feDE5D4690A4423783B7B69567Bc5d,20
0x89f5FAEaAB49617B33Bb84956C06ACFe50077A3C,20
0x89eF58D0efdf4E8A6F538c647B9223828ab2aca6,20
0x89D1df6F11eDCF7315457d271C4f8f35AF97280f,20
0x89AC568200f7ca72529A08eb40d88677f33Cd9dE,20
0x898E7BA5997Edf98aC95E19a2D8dc417Fbe80621,20
0x8917e81291881C29f4ff5C549B89fDb10Add9a74,20
0x890A948B2b48A947a5f4Fc3C60B4748DFe005904,20
0x88Ee95CbDA6D2c6E4A2224b4E278b719A150c836,20
0x88e7562710B5C404d90a6efB4Cd73803F15f8eDf,20
0x88E72e6ae90eF12e51E00262de9dfaaC134DCdbA,20
0x88e21398040873dD04a1008F93475B73c987a488,20
0x88E1b3B787bF79183295B878823393b018f4e9ee,20
0x88c846e8C51271390822aaD661F9fB33d9229783,20
0x88B280f1702ECc6E60f98CBBc2C38289ddceb26d,20
0x88809A8d710968e8f9dE21526394074E09780311,20
0x8865c077a77dD8999301209Fc12f57A13718e960,20
0x8841c225F8E879b5545E496E612993Fe85C205A7,20
0x8840F76CCa1703B1b19a4DF4919FF785c89c7Bb3,20
0x8828DA373c4c331CFAcd3F3f89ca47D894feC9D9,20
0x87ce86758827977fecA4a1a8698A379A371B282e,20
0x872A5c1abceF3EB9b7E985138d3D3C0D27bea0Cd,20
0x871918d463f0203336eD250f2b8804BC093CF8B6,20
0x870be508D7066C831B1DD3883B561b1fB952a984,20
0x870999B4AB167F49129bC452974A5463EFD3FC1b,20
0x86d8B10620495F0E9e5dfFC6b5ad4fD02e8176F4,20
0x86d58346c6EC96EB10d9b3e627bb4ac9e4BB7711,20
0x8697CaAe5dBa37e8bcca31100424965d4d35C434,20
0x868780D702beD41C299e40982010CC234746b201,20
0x8681ABA963749C6246a3DCDFB88E93B689CCfD78,20
0x865941fcc938995c9CF105B4b09e5225259336F6,20
0x86487b80C69401A4DBFE242152295D7A84Bed880,20
0x86434C4a65A658EeC98BB452cC8dC4e403eEdea0,20
0x862F2d12b98Ad3f75357608274CA57FfA9eb8ce7,20
0x86215d4e48323bb9b7a214e0603ab410A4b769de,20
0x86095F56Ae0b7263eB71BB48970231BA89f1d6A0,20
0x85DfF0B9BBC3805fe56519ca701FDE1937486841,20
0x85D4ee8751b7b14350F3B43FB248EABA738C7b6E,20
0x85a9A00e197dd9FF3912aB46D237700765B982C9,20
0x858455c4Fc998b68D8ea159A24c45863e438C8dA,20
0x8568f024e33fe8F10C2dee07458973541D5Bac8c,20
0x851f0C6397F27781B546D336d2ff286956F73342,20
0x8511c6478dC1729471461a569d654D367E2E7ff8,20
0x84d8C8409cB9184Dd9dcdC8789f8Fa54260F7420,20
0x84a969ef5CF87578d283Ad0329De78DFcb2D1a04,20
0x847194b576ad7D692ddaaDB58EA4d7D857E3aEeD,20
0x844768c27AAA44d2a7E86e0420437e71d0cFE077,20
0x84364B986A169852384b7C489a02500DAa9eD2F3,20
0x8416e6023a0535d0C47825Db0b50f815C5fe49b0,20
0x84037Ca730373Ee873A1900644E8CaDE61995171,20
0x83ef9D1860C0A5B618cA6417F51e9304DB8F65a1,20
0x83edcCA7B58dc9f380852Cc98De356E7CB263951,20
0x83Ec7Ec8284d833a486cE2C8122475667EB5BC59,20
0x83E13fFE7b96fcD7dB99E22F6A37a72C93532bCe,20
0x83Db96E6cbA62b16939Caa3b4B1A3223029E5DcC,20
0x83cFDE7a14Fc0d8bbDdFcaAF3993a90A35d1dBc8,20
0x8377EB46601b4dDe7b9ce27533ab016fA56b2437,20
0x8362008Fb2E5C2f1faD843F47d45C9b61A63E308,20
0x83265f8612fBCe9e6f2E79f2Eb14D97cdad59C73,20
0x8308BC557aC8aD4681e2c5aD9d0D9E7D839C4981,20
0x82faa1A9B49FF0520c18DC9B7368Bc30011Ca622,20
0x82D5C8EdED04bdB1b4B07E08B41E9090E4F2399E,20
0x8280FEBf481C23B235e510416190e5933aFf7782,20
0x825Dd7750Cd173B1e534af4B1bac36ecBA0e8bc1,20
0x82420596d0048291Da552789B3CaC34208BC9f34,20
0x823DA5f19752e26468575efc6527409e46dcE785,20
0x8237dd0da81aB100bC09fdAD183A1D17f1EE0078,20
0x82264BdBbc6B5E2A372B6CA917cC8b3011e5f474,20
0x81e18CFFbb1D223556E9C07cC9AA8069387957dd,20
0x81b91F41162E739372a8fbB610C1704D8FC8cC4c,20
0x81B53ED68aB9970d25820add55EaFD4A7816413a,20
0x8182ADCdCEB4D6c7868966d9ef05C621976005F5,20
0x815B559f3B627207967DC8Ef461941e98FcE46C9,20
0x80E242ac4bfcCB55161f0A5B65FDc265577F0D8D,20
0x80c22523Ad2cDf3Fe52815969612bb3eC821CE8b,20
0x80b397ef0a26B6AfCA0f8323168564B9c46eFAdc,20
0x80A41e88355dAf6fdd90aC76d45761Ba1F277605,20
0x8098e7F13f08b0F236E5aC4a4096144e160FA152,20
0x8097B970A3C05AB577912EE29E0D782e03cC0374,20
0x80748782B5fa58774c2BAa1c6eFB4086d4D2006e,20
0x806F2eA6eEF5F97F8306Bfc9E53f428D58b77dA9,20
0x806bD48765079dBB43fc5Aea4BE782EF5C65F8d4,20
0x8059358932Fa57b5C5aeb268Fe854E57f3348f3e,20
0x80447087691974c2CB8418b8b0932f4246142119,20
0x8034705e0fF7840f21c9c3dE3Ac7B3f0D18E23F6,20
0x802Da419B2a39862395a0bC5aE6D21da440b1d87,20
0x802098e17127d8D7817a285ee86F085621398852,20
0x80122F97AB3A535409166F3cA41b2dbfFEE55E52,20
0x800B8bfaC8aa32d5e5CeA9146967084B498c546E,20
0x7FE3FD1D6C0B30BCE34c0Df198Ae02194fA44Bd0,20
0x7fc6b39009958b02c24f08435daeeb43c67f2f20,20
0x7FaCe2f73b16240Dc3f08E8532aD47672C8c27b7,20
0x7F7e75d9E3EA0f9e5ffFEef795c082Bf6577ec08,20
0x7F6b927001e0f360d1b4f15Ba348fA4A0626a0aA,20
0x7f6a9250C9aeF455ED03a31a12c87Ab8036a6639,20
0x7f682CC58F4A8f6686C298eDdDf13512ebC6d734,20
0x7f62C4E2765289d45376A621f6FdAC655401556E,20
0x7f2d8975E89B81038A105FaDC774Ae3B5d93D2A1,20
0x7EFC1f09A16f155635F0251eEF8acC0118161024,20
0x7Ef79b6E5f9e15d886EAC582dcdA48A9c8372F5a,20
0x7EEBa1e25c26326564e620F34a0CA0bdF81E0060,20
0x7eB31084Fc830767aF8493516305139046Bc221C,20
0x7EB1F4cbb5fa986171EA505f8b3b3B8D3cda6195,20
0x7e9a9bA9EA65CabaDD95A01eE19f84c9F89676EB,20
0x7e6c066f1CFE1A9Ee8Cd770022D3BDEBd642D7d7,20
0x7E60c31EF24a2c2C26A16D7188AAE938f8B05712,20
0x7E4b769F08E0C6CbBDDA5F95191f69C2AcBC5B3b,20
0x7ddFff827EdFeBa244910FD51113312f54D0A2c1,20
0x7dc6dAC6A625fe036dA7bb50C288c9F589067371,20
0x7Dae33D6E447c686ce3391bD5d617Db28Bf819D3,20
0x7da93a09adb654755eC8af731B06D74f565A4a5E,20
0x7Da4e2eba51d47e9910aD2C4a47C594d3C688bdf,20
0x7d97e53DC9194d8A9944ad68041FB5791E39448d,20
0x7d6ceC8413baf619b9aad44a94b74Ce72DD960e5,20
0x7D4106bB31F54F5BeD43db7249d9573B19B81C32,20
0x7d126a8049D25215eb31E72444b61C37cBC0e990,20
0x7d0b4280db8b9a69B790b9b75921F1f314C34eDc,20
0x7d0AADcee7365FC0dD22575736F8B9F73014aeBf,20
0x7D081099956C7E67767D669a501C43cF5b138379,20
0x7D021D543334f29dff4Fb45EC42bc7194966a40D,20
0x7Cc7ED3f122F848eE6B38d77c54c0Da460b95685,20
0x7cBfd2C005C677Da4ed4BacA0D775BA4EeCA91dc,20
0x7c8733EFBa673A9CAd1aD254F605b39A1ea1B201,20
0x7C4732Af463e257443497aed1d52769F56907054,20
0x7c2dA662682323ef044f299259CCf446D46192E0,20
0x7Bd1f23Cd624537E4A0C6Ab7ba64Fa97705aB11c,20
0x7B9f0a54CaEF259b515fB52145d81C276216e861,20
0x7B98BE07C62CeD768F3CaF9092c87EEdE5064e6C,20
0x7b8DE7A0Ca3d197324Ec58370caCCED12C4AbeDb,20
0x7B8541cf2083A33C13cD93A536adA9Cd1a9d0010,20
0x7B5f6b5885992eD63CC0F1F30Ca823c09f7aB49F,20
0x7B45e795db511AC1f4a28766466E6E5E2E075E24,20
0x7b25Ff6cfF4219FF4d1DcA67389b65Aeb00C134A,20
0x7B0e0ABc7Ce8B33384c57e3880B70c481572999b,20
0x7a84E648C23445021B43EFf23e63AEF5b3d791d4,20
0x7A4F5158feE045b0D4135AD9966A10e6F3e598E4,20
0x7A35DAAd8f160070c0c3686E5B0d524a6293CD6a,20
0x79FB80447a0F95e137fD225F24f9972d297930b0,20
0x79Bf635910A76B598b704E4030dEE3c88EDa2446,20
0x79b53781a7e1f606a425cBB0a7F02c6fE0D4684B,20
0x79aE62Cb13030bBA6Cf581EAb033F57E5769EDF2,20
0x7996Df8530392deC179De0c0F7DB859e91ed42a6,20
0x798E86B48A4d24a4C086e48257215a69Ee958534,20
0x798C991e9738F0A80bC4dE531000a798fcF46f08,20
0x798678bC1eA08C6aF22F64c9478C3B7eEB80827B,20
0x79839B6Ce10BFD38A70A7386D00Fa0fd6DB24E14,20
0x796623e3205E2ca73A55268aba25d77B5110E5eD,20
0x793e91dD7aB93D2Ebade955188087376E9457CDd,20
0x7929242a45369b3f357d6008f533832C31535512,20
0x790949E08bb14599AAb238d99C19EcAb53B84158,20
0x78ff6918c44f1342E6eEdEBc4f81512fbb4038BF,20
0x78F1E6d3E10F75EF167e1d19E2B65050248C6E7D,20
0x78Dcbd1a7647a10dd4C4a4d5c54b2f7706ec1f1d,20
0x78dA5423e10dB6DbAd2606E435eB9Dfa281C91ba,20
0x78Cc6F2Ea8DE8C1C4DCDD468a687131e5d8159F7,20
0x78c68EaA01224E0C562ba95dBce70155DA3a026D,20
0x78C03F514D30fc8c442225165dC71191463f2aDF,20
0x78b9eF82c790B4a6eD7E12A612ac9E6617fB6d4c,20
0x7886aD834484e953f47cFAAeb46AD9af0137ff12,20
0x78511F3130943d431294705f6040A52911864F06,20
0x78214d47cbEe16CC196d160C38FEc2689230F93b,20
0x7819F4ebCA87b89B275eFF3B54601D7Ca75277D2,20
0x780f98Ecf39c41F2a85bCadaF59ed42A951Ece75,20
0x77e2E04D59c9F083BD7458d91f413F8924F15487,20
0x779E08fdfbD631cdA07F6108DC2aC012267a8F63,20
0x776813fcc75C10ED63A1542A995d0E93BDAFd521,20
0x775E730390C1F23e31152c8C1E964eD6515dA83A,20
0x77409344d41417672DD304Aa65BC25f43A9670A8,20
0x77275798AE3A7B08c399BcB99b1669Bd3a7563D5,20
0x76CfD1Ab8ab68e3D69FE9B9b19A68B4389B6Ed57,20
0x76A2cc8e29f88bBD0d39057019dEdA42Bb4C73e0,20
0x767890c2C0e1CBe275B26647e7D362bA5B48FE7c,20
0x767230cAA5c803A97F8186ffF0A812995dc76032,20
0x7661950e165cBcF56bc62200FB3dEAB9cDeCF7DB,20
0x764f12012A42A75046AADa7Ee9605250d349D93E,20
0x764a41fB769A1ff9BAe1E561A5FaDABf32d86f62,20
0x76192c199cFf6950A239FC997De49fc9c27486f7,20
0x760443c65E8406807E288BaCC03998169E5197b1,20
0x75F220dd97779bd59826b4B3A192FC39cd8aAB30,20
0x75DAf4752571b819A8Fc70F2e06F699b0B63b1B8,20
0x75bF594E0c048ad14c1e643Dd9915334AdA1c08a,20
0x74Eec14061B5AF562c9564024C939E3E0c873ADD,20
0x74dFcAf4ED4ff0D8F5d9Cde37F2E14A1007d5496,20
0x74D55A6342ca737C5A0064f226A2eBFfd56e3c35,20
0x7476d65Ac12b6f669d3865b15B8d10482b911dFC,20
0x741E6fF2eC63f266561297cf4f3344424266E07d,20
0x73C2F646C2d9896923de51d84Ed3bDf5Fa15Aa2B,20
0x73BF17D3af166C2B4244062b36e0279caE884184,20
0x7390d7484f6Dd081393bf27891052Ef46236052a,20
0x7382cDd38ee189EFBEf61eB104796C6f26C58E78,20
0x735c1520b0F024D6B8d4ED7d4AFc36a7FBdBefd8,20
0x735b76F1388c0Ba09E93ab96D425cb27E4A783b3,20
0x734962f6092F79b43Bce71133D6605f46a08634F,20
0x733D236bC40fFfb5aa2ac3AA724A184D78c248BE,20
0x72f6CB984A74FF8f2bb1BA07bfc70a73ED1bcAa9,20
0x72C89cC15CC1Ef933631fe4Ad54b90897163f517,20
0x72b214ff890629b2749A3aC6c0B6b82D010912d1,20
0x728cd4a13a4206e821A8Ecce1bA8C1e5e2445083,20
0x728B16d5BF226a8E62061A50F47f042955805F70,20
0x722dC3837028f4557bFFa9351a2bec5B63Beb6a1,20
0x721B1575b2b766F37376E9DD9DD5f8b170E6E9E7,20
0x71E2875367Beb0F895c6F6d6E7e268866794F5d4,20
0x71D7245AF0F6d3282af811f204FcAd1714e81bDE,20
0x71b8111517a74AF2954ea81089675A5E01f7e261,20
0x7180Ca79Dd4bBCf96F699AEDFAD97eD6DA87352b,20
0x716dc533c59F226e05A3F998987Ae8736F1F44CB,20
0x70e02BfA1f574a83c6902c8F96580eC0f45E13fe,20
0x70dcc53C3bf222dA1d8c61B2898d1664a16Fbc4B,20
0x7073AFc059a0A63a0165331f828236c3d2cc34D0,20
0x7055A40C16dc4389d4dbBcA224Ad4049013aB929,20
0x7034DA33DB12dF6625d67C7b45de654E5f041825,20
0x7032245d328693EF833d7830089c12264F84bFfb,20
0x702AE691523a468147a561240a3A6781D6d33527,20
0x7003B90911b8EE1188B4a039f6f03114f99194A7,20
0x6Fea368840276703B7931d06baaE3468b27729A9,20
0x6fdBC376BF2f19f2cf9a4628A2FC833dEb41C8e6,20
0x6F7C6cD9Ffd768f8342C5C65771df1eF0ED042dd,20
0x6F61A6321733cF2774CE66a84b35457B4f02fCb4,20
0x6f521D79AE7eABa585961D129ae6FFF20Da44AA5,20
0x6F5107FE349b5cc5C94bFcb77C8845FEA7e691c3,20
0x6f38A40456de7E1147706285636c891d9Ef12f29,20
0x6EdEf96C12ACfADd9D12909e26d1554303A374F7,20
0x6ECdCe659bdD9E97Fc486f227995978b3dF57D5c,20
0x6Eb41Af2e60fB5E906015fB0A71e1Db31fee253a,20
0x6EB3ad950AD04166b932Cc8b10f10c0a2f500a5c,20
0x6e7dbB10343c03DA3f07DC6B6a4747C7748Fd47A,20
0x6E63Ea8aD406eE7c0DaA3A17f1c0db498EB6bA5a,20
0x6e4E23A01D97BA672f25a444F44c03F08Ba800b7,20
0x6e0064fd11f76F2D1a2393d0C510E514f909eA4F,20
0x6dF8f29bC2d922d2c7b2d48f00A79173e7727Ca6,20
0x6df7AcDFF95D3b2f6562279a4724F5EfA9999999,20
0x6dbdd66fd7Fe4D0B183e184df9861b9e8ed5984A,20
0x6Da68ECc23a51ef966e91c97BB8b6BDfBeBb417C,20
0x6d73eCcD29e0231F8d24e64CFCCed02d4b0705C0,20
0x6D4ffeDABeA4f7F4984c3B64721eA98D7A9b793c,20
0x6D406f04bD5C429Bd362F556b126Bb82bdd8Ec51,20
0x6c8A2e57Be8ef656670d2F30a40829Fef46bFc53,20
0x6C86A36f784fe25f487157cE1b877C2A20A5241b,20
0x6C6E8997cf1d9825C7B25A9aaC467Bb8bBF65A5a,20
0x6c3F640630A8e55C82e9Aa48Ce9F44570751dA14,20
0x6c3250dFC7Be6e4E1297552b1c42F666439455cC,20
0x6baCCa9B3E260466bfBBB112b712842a3C16dbFb,20
0x6ba5a139CD65F7343c70B22071196A8Fa43e8BC6,20
0x6Ba3225Ca5eCb60db8ACaabaea8f3bbf73A4D2da,20
0x6B65b0E8338475e089DB22DD25dc1614c1bDa295,20
0x6B0FE536f1BA967f2071fB957D608ae68be416cD,20
0x6B073094ccCfA912e2403b1c8e83Fa8B8b92D5CD,20
0x6AFA9319d60748a23b3a2091892D7010f06FBb86,20
0x6acD022Ee2D54B9608218618dbb66C442b3eD45f,20
0x6AB7d8383896EAEfF172Fc48772A869EdE1f4F37,20
0x6a761b19311c4a0Ff9CFeCBe60958649e270D527,20
0x6a6f0899574bc412f7c8e15e515d27bb7b7ee81b,20
0x6a627059a7D46624Ada973E765434BeAE9F46C15,20
0x6a208d70C31B89FED6651F059895AeD89fd28815,20
0x69eDfd87e26157bAbe3019b4D1f32ddEDD955b74,20
0x69e0Bf6E355Cd478497B69CD81ad665A733F9f8B,20
0x69Da029dbddbE47F042160A935DA93e69928DCed,20
0x69Ba6F48232e9B77189970C2b6f226eDF27199F6,20
0x69620251D5F59fB557B3a513Ed8A94D77f0d5F39,20
0x6945E9C11e8F17c5B3d677D17Ae3B79720e87eB2,20
0x6943386F13028f4500cb6c5946260f7B03EA8eEb,20
0x69406a9bDE41b0FAf996d3b3A074A050DDD18858,20
0x6929FAd6926d1DEc0B92c098bA021dA84c49a730,20
0x6911d30CB341d2B4dce5A23e8EC5054c08c7595A,20
0x69096BcaF7De009805BDa6CA960cacEFfaaB468d,20
0x68EEC14c06D0eE3EbEA2d2f0Cb967D52d0eeBaf0,20
0x68dB5B72BBFE695b64512f62f22e3aa6aE7Bd9A7,20
0x68C8Fc0fe7D285D33625f224D7402816Fc04A2bd,20
0x68Ba89DDD000899a711078e9fBd93cbc23F725Bb,20
0x68A21Ec23902829D5a17C2544f3ce9CA76684661,20
0x688fbab997D6A25c298D38d12E2a671D0cf54E2d,20
0x6889b0194eDe7D9af06c6c3e4951347133E591c2,20
0x68521929C7eF13c826dc4bB5E022036c19c9e658,20
0x6850eaeb7A1b6a25c8B95cb79A2Bc41696e7ac46,20
0x6850D62cF0EF3152Bd685D1863DfB5778Cc5AAaf,20
0x6821A19BE62d7891165529335eA5580B64f40137,20
0x6813dea599084301e4b0D9a6c5940f5c39B9E0B3,20
0x6802c90057BC58796537D07449163430DFAD02d5,20
0x67fBE3F83159099Db8a4A0e0a40Cfcd05376168d,20
0x67F7a0639bb338608A9fE348A9b0bCc8BF8868B4,20
0x67f2cC852213C35e79Be3eea6F061431d84fa10d,20
0x67e01FF7a971396cD8E252f630b5410798e271C1,20
0x67801ADd292Db3C67815C7B6F282Eb61B9eE9cb0,20
0x676d57986052f120e6324c017439F6fa386ee6ED,20
0x6755c2c4CB617fCCa4b67E4F423633723A56315d,20
0x674a99D238758e8B1C1AA4B90A32837B5Fe75365,20
0x672a6C479b8DAc35b157A612B4cA1D8eb5f1Eab5,20
0x67060D3b31857773443d0790bF453a976d596134,20
0x66D3BB5aF68e1482A082C7473416A03699045D01,20
0x6654e14CE89CBFfA7aAec21Ae0B2f097f43BdAD3,20
0x66249F72DCaB95024E9F6399208AE3Ae5EfdeB8C,20
0x6607796E391162696A20931AbB9F2e7f71744823,20
0x65EF3B6604b9aaBaC2f9b70e5Ba7B260DB265b07,20
0x65B5FcAF470586ebcfD26DBA424b1e1ebBF2cBf6,20
0x65a8D065bf292508f8524e60C2Fda7F95856d66b,20
0x65a3bB44d45d8A6e90e3E16813DC8f0700963557,20
0x6586A894027BbA22425cE5B9Ca933D1DDC4b3acB,20
0x653c9C8cDa9F844C89caAC1b69930eD707C4e5d9,20
0x64Fc46186Bb9B4A4E6fA018fC44a481945AD4E10,20
0x64FA7D54E156BBe701E9fF0513C0877e9a452FAE,20
0x64EfA51222Cfa21215011029d4EBf39B59F0bb70,20
0x64D5c63F1A3FED8f2a8394eF0b93b9965877aF97,20
0x64ae37fB9609788d8aC73Bc10D69d0c832FE8FfB,20
0x64a112D613Ef9dd2d581D4b4455074E912D5aBB2,20
0x647ad318601D2b276ab8C78D087987a79cFA3442,20
0x643C4560c6D6DfeFDe6c5541a0E70B2572f12dc9,20
0x642De515BE396337700e41078c58D597CE95B666,20
0x641126D3A1e45a69d00B3335a1dB87177A8781E3,20
0x63D93d3d4ddeE2b0F7e97A2CF5C332A162f2dCE2,20
0x63d8A422AfF4E9d45DB89A20DF2F5df91297DD1f,20
0x63B5cbCeb8B1B7b92B1c02C1566f4117f8e71091,20
0x63A276853e62F2870B4AC84Fa3EcF88B2575636E,20
0x6381514a882d74908bB4fd5C0CF59Fa2d739fd29,20
0x634e259E520648933cBa2B9997Bf78d0329F4b85,20
0x62ECB00Ac33766c5D586422e09Fb8b347C65542d,20
0x62b2D2885c423111cCF91F0b8655d1266B106a5A,20
0x624187f7AA1eA4624C8003E7634a50Dc710982Da,20
0x623d7f1B5d0F38FdD0d82efb4791E2A1bbfEA212,20
0x621a78107647001748c6B6b8B25c9355Af34df28,20
0x621038f5D0Df3dd3609dc9A0279CF43C25A95f16,20
0x61D37a3FEDa1fDC7556A0319c48aAef5B552789a,20
0x61B82A87fABf7cEb01f8a1f512fa05D9F900e3Bd,20
0x61B63704748010ef99d9470eD8483F8Bd2788484,20
0x6187cC5503E288427622a7f10D1CfaCf4f44DddD,20
0x617F8D8F6C5E05C50e1aA3B0D221e0E32C2c12E1,20
0x614099A468bC83492F53b404E241492FD3b92525,20
0x60F10E29F3FC19DaBcAAA54Ec0aBC62cfa9ae53E,20
0x60ecd42b920DdB9de566D49207EecA631f456987,20
0x60E988f194dEb57e7e2C76B6D233A309c7Fb68E7,20
0x60E4b2DdCe57438d69e226550Bc78eF737CE8FA4,20
0x60D9Bcf887a77745d6059f6Fce0811074a1f25a0,20
0x60C4B7FE3dd931a46Ca08cD562e39Af2B02C369d,20
0x60836d7ee43eEc8609F71FC8EF407e517b1c3BAc,20
0x606a0E610A8Db7A95334809d5658C28396B3Ab0f,20
0x60508196DAd301d73F51531007E96103D1dC268b,20
0x60023d476077a79Bf802F870f680A6d9b3Fd5Ce2,20
0x5FDe410faC745FDb55EbaB6B2A0D267F3053520D,20
0x5FDCD513A9B4095fE79500a3FDd6cce5edC7e55E,20
0x5fCB91Cd4D8bfda0634d77cbcA0739d88566Fd18,20
0x5Fbf25Ce89363340bD68c1644f9bdDefDebab53e,20
0x5FbA4a68945af9Dd51212215E7C6c437f5284831,20
0x5fb10a7ACEBAcA72384453C16f94C1b598330c34,20
0x5FAbED42F17B283755aa9c11b09bfc8589432865,20
0x5F95f0350e55db5e9fE6f33A85CFF89a49Ec5ad7,20
0x5f80b9Da99196b5CFA7f8B16b8eD1318f4E3c1c3,20
0x5f78b635BCc663085D4585be92A367e2F756F196,20
0x5F0CF5c0Bb142e54Ff9D37AcB4b7367DD7471338,20
0x5f0092CEAC279D12aF9e0a945558364De183cf0C,20
0x5ef3b8733EAaC182de913AFdD9EA6b2100CA989D,20
0x5eF1b2A94664D9d384804ABCA7B05Cbce85323f8,20
0x5EE2A18546660B3156B0cbaB23274d0C032Ed8F0,20
0x5eb6f07fE65065aFf02ACe74d5467C05c2fe8e55,20
0x5Eb1b26610D5e26D3ba66EeBAf08F77339528e1d,20
0x5e7976286ddfea2c287a2Fd34B41F0195F98225e,20
0x5E118bf2f8C52c6D5dd048e87d30749fdCC2cF0d,20
0x5D9902F757769DbB820136E22820a5F8e8Ee6872,20
0x5d5a5B7D862e7bf9e250f420C989fbc9421533b2,20
0x5d4955A5A8Af35C25166c221ECDb3a3197d1b850,20
0x5d34338753B6B5E69C0FBf3534f0194917DbF07F,20
0x5D207Cd727611A51a667f45C177B3dfab7eD8023,20
0x5d07131AAf11FA371B29F54085d75A9F504FD6F1,20
0x5CAa5cB1511830eb2a03e6a61c0e5DcDa12758D8,20
0x5Ca748c285f65ef9E6B62A499728ab540b43fe18,20
0x5c9139B8d97Da34ee3d77e3f8750a1De588Ff876,20
0x5BB620684d1E7e8B7A68f6b7B7CF038c4E9d3c87,20
0x5B8c6e0eA821276879c04FDEDF9fC3f237bEAF79,20
0x5b7f18C219088bC67f454c15Cc294705DF05C4d1,20
0x5b7B6e225C732e82962857584AB69b328eD6bf83,20
0x5b605836c51a6618cfEaCaBeaB37aafEa5F1534C,20
0x5b565917CA6D8Ce147Ca35e21396149a61f585bb,20
0x5b3ddA0BEfceF0e448399b2a7D1467A3671C4D7B,20
0x5B3bcf1CBfE09A12961D151481F0510c3860Aa87,20
0x5aF08302CdacB356EB91f918Ba06b2217167a466,20
0x5aDF3232f95333f39c2fD715E36d669f569927B3,20
0x5A37a6470312cC35ccD16a2b125048bb2eC699f7,20
0x59f27eFb089842c3CD9AE45FEf149b39d2E98229,20
0x59E429beB067061543C14E85685C41586a06caF3,20
0x598e408907D9eA1db280c8FB14DF54c4F0AbE5ce,20
0x5942Dbd522225b490449D9045122755A11A3FB40,20
0x58EB79aa9fA6B525b0f86934416e52B1633bD17C,20
0x58DdEa8fd7EdfE4beA60753f62caE0b877c3ED11,20
0x58A339C0f7bA462534908aa88f7cAAA24bbCD3dd,20
0x5897b6ffe7bb88c7455afd33eb498b026ea2b154,20
0x587CBdE67dE3DE091361BF5beA1A87F0883A96C2,20
0x58348C5cc68a415c59D6306C7f176195fd042af0,20
0x581F72135034b3a73F6689f0982CBF71f201579D,20
0x57ED8D9A061a066EAe8f72899991094a13Bfb981,20
0x57c4adBDd883b1cF5AdA1d18ef221583b636018d,20
0x57A5D3B082Ec2ab5e3D27098201F3E03Dd8636cC,20
0x576385F59320BE21DEFe2c2a03E2E4363f4FCCf6,20
0x5750c4BB7891922d779AAf1176821FacaAb1E711,20
0x574010C6Fb21589A6b185DaeA66051c963E300B3,20
0x5739056e0501Cc8D7796276F5162BcDE3Dc18B82,20
0x5732774E685256868d4cB9F620ca38A093Dc935D,20
0x572C6F32d566FfB6460c3593333Db23f29ed4b20,20
0x57007194132F044d877206Ab11EC9Eb9a74F81D5,20
0x56Ef80C3385e30EbEDfDEeaA897FA83aEDC06CcF,20
0x56d9876F4baeA7674f5fF3C4cD9B4012cA2c49Ee,20
0x56B7863f5F42B6b99C6F70Cc621976705576c313,20
0x56b4fbF812445C298823C528FA6137e45B88E1eC,20
0x566C24AF11586179623D9770c92b39E94e10d744,20
0x5624F934bc89D7e6aF2aC8bFf69Eb0FcA294F113,20
0x55Ae63B2201f434f4bF65788e451aD92967aDA42,20
0x558dA052f27eA5Fcf15B17D6A0c2B0D227E0ED49,20
0x556fb5E4e52634D755AdAc75082eD8a2C356Bcc9,20
0x555cC52A3b3d3658E328a03222B4791F649e7Ab2,20
0x553D17406f3eEDCe2CDb10b4d2A2C79251583219,20
0x5538a9E33068088E03547D063096B053d0419cA5,20
0x5515A38491429bE0BC4802849477b51893AD4D38,20
0x550090Ef057315E9C7c57d8005A9A21f1F24b25D,20
0x54CB1F640C023C658409EEC74abae095afF44609,20
0x54bB706fD60eFD8aAd9Ca0a0BbA92555DE147e53,20
0x54844Cd7D4F0b5334B68D6c2BC6F0aE59f462909,20
0x5474A50965b15A9Bda23bed7B46680d49E2bCa6a,20
0x545d496eC3184a3e162DA341a8225CE1b72Bc3a5,20
0x5412C9123Eafa1965565ECDA3241f5eafa6AC9F7,20
0x53dC766E7eC8a307C05Ab24358D4D4335A09914C,20
0x53CE838d63763Cf6272B22EbB8C56feff775d983,20
0x53C5aA9E69e7F3159395f20D448096d7f1416DcE,20
0x53619618717ceC70dedDE3C2e290070bf255373f,20
0x53216840C0904c2281D7A4DB5B97aAd78081ab8f,20
0x530b343d9981b36190864e8d96B7369F67305E19,20
0x52D408a9696d206c885D734D8B84DA45272e787d,20
0x52Cf17C1dA9eec8A28832c48A84B5F560EF1D8ff,20
0x52823f100621e96C64C5499FC3AE913b16822b19,20
0x5257e9E8123c8DE5108D4d871Df2d221c4F37f62,20
0x51F5156b51A5443BF301a95B67696b81eE1815b2,20
0x51f408cD33ea782e85067ebf6C512Ad1627B6E29,20
0x51c3e69E868420703Afc3b99FB6F906907802928,20
0x51bDeb3aA16e9417cBbbC90454ce5e976ec43F8e,20
0x51479BAd3f282f6BFaa20903fb3a4d9c9789254f,20
0x514235f5445E1607cd158D337c31FB40B3fa653D,20
0x50dd743F98004c3e15C5BFEE6465c9Baf6811A68,20
0x50701AC87CCF831C09392677f2180788976bF357,20
0x502DeA451D2AD2078a10130F132054c781Bc4afe,20
0x502d860f8c75e1EcFb37563a9A192f9764E7f891,20
0x50135E9Ea1f920a5dbc4D1C935D63DFB16280486,20
0x4ff7451Fe41068f08254C70518a168944101D0AA,20
0x4FF2D54F815fda29F2D9836ac9dc7A336D6f4d03,20
0x4fEA97357eD82D3e7f3231cdC13CFA5068aFE39A,20
0x4Fe76ffAe50bE0af922eDb64Cfb6918d7232A0db,20
0x4Fd8a89c2C5626246D6288A8EB2E3190EC701Fea,20
0x4fCFaa33480DC9837E540e77F0286637D72C4877,20
0x4FcF984c99C406228FBff8485a78f69A9eF1336d,20
0x4f8C341dD41A347Dd1b8C3f044476A2C4E130493,20
0x4f4352CeC302D073038Ee297e52932e7cfd9D624,20
0x4F0Ed8A9308941e7c39458946C76e6324855cC82,20
0x4F090E758739D2D5979571b258063e3FFD987759,20
0x4eC989b6d17aEBDDAB238Eb2269067724f1e2883,20
0x4E9B18784e4d80c438e666F87d8efc8235Cc2897,20
0x4e8681c17f3083C6A06aA01c176Ac467a323EDca,20
0x4e73D0C374C21774D339477cA33658A24f57a8C9,20
0x4e44a8F41B5bFD67845edE680F195Cc86Ae5921f,20
0x4e16c6D4aB2648b18F921ECF5ee2a8C2ebA78F31,20
0x4DFd6953b95E401ec3F06EeC871e1C47cbF72c8c,20
0x4DC92838399bb27304B0379242c7756d8959414c,20
0x4DB84f248b547d82f2B807CEF3EA7653590E6244,20
0x4d838F1702A64EDA887DedA314E486caDFAA9AC7,20
0x4d56f2f26F124f8079Cb7d1CE60bDEFdBc4B6ad8,20
0x4D34FC8cFC00b90260e08D6f66B33aB1d58E7106,20
0x4Cf7832D50e0f8ADEf2E92Ef765d08639B29Ad08,20
0x4ce8dB02Af8b7c036CC8F649508dF8370cC47b2B,20
0x4cE7c691e0D895b44DF70bba17ea5F5760f4CD6C,20
0x4CcefB0c2A5A2354F2f301fDf241057415832cAf,20
0x4cC1A6Ea4f5a554213976C9a72D32A8f7CE6D965,20
0x4c904637f1BF33b4F77d89DBcF71e09376DC3d6E,20
0x4C83d8673F6Ffa262d46024790A10a38849549f4,20
0x4C69979901d1167a6a028E5b090B3a6241bdc1EF,20
0x4c38fDd9cE8e430a5255083E07532eC775CF5f9C,20
0x4c2F793d5BA3ae9C99b6442Fcf0764D1a9dCFac7,20
0x4c2e98048bBF7463ca05cdF3D1db1d854ec0389c,20
0x4C259EE9e69D4D79e7dB7A11F4600474E5DFce2a,20
0x4C24B7AC0265ce5fb8d0f75F1eB9b1f0Bb8e7B5b,20
0x4C125fd36EDb2231ee4785689A3a5c73b7b77aCe,20
0x4bfd1176278adFE9ebD4FA54266c292662ccbD08,20
0x4bf6dC3146ef88D2Ba39FCb4A467C1787a6D4F22,20
0x4bEdC8644524ab1BC03Fa20a64B331Dd9c93b8AD,20
0x4Be45c31347D8f3e59cB10b8F5304252D54B54be,20
0x4BC23dE5cb2B08fE7c702ee3896A99f5F0667439,20
0x4bB86B6c1B0F0288362c32f5D63825D75C1b3587,20
0x4B9154B3CDF55fb2F92D38556E83e54B5fCF6b14,20
0x4b3a43796805c864e6aaecd2ab851952e4f93cec,20
0x4b24b6B00a01Cd77F0e89310CAB0DE0563c9464a,20
0x4B14023eFa4EdCD93CAEb371c48718022885805A,20
0x4Aaa68Dc0049D8749343F05bA27C29495539a759,20
0x4A866b983eFB2B0B5756736D3155479c641d9087,20
0x4A7a81f63d2D563dDFB9d16E4162D4Ce2a0c6f59,20
0x4A79DdB4AceeA405AE5D008a6F690F2Fd69318CD,20
0x4a726F9e0C7E980e973774Fa52a13E431E5bCb17,20
0x4A6Fd5f06a2770ec60F819c828b5e3C4487C2d60,20
0x4A6a764211823181a54e736e6fa706E8FAb43CF9,20
0x4a17A05c1037f162aDc466F256D09e9Dc8103eA6,20
0x49FfA964F596741C1c181fC6F5889CA5D27F98E7,20
0x49f1684c9474a5c3f30600e147f4A7D9142E3712,20
0x49Dd834533fD0b858eD309253dcfbd842a3A3790,20
0x49d68A7B034F34c09A3066A92EaBfEB8828A2ec1,20
0x49a590889199C6f50006b00FFbD582311b7C0a16,20
0x496eA63e926152353Ab54685c702E1c89Fa5B5f1,20
0x49014b159c982C716F35Af4e7FbF61E85d503E70,20
0x48ee25524e0b98c601040F9AF7A3a2C237a06351,20
0x48e24Dd66bCCFB4f511FaFc70fEfab4F5325D3B7,20
0x48DBbbc10E298a2F6b0c894066214aF30Cc7E7D9,20
0x48d316B9Beb1BB41DdC886b7FB52e12a0F2d06a0,20
0x48d15C2663243e9cC0ea6BA41a26Ca572f97942C,20
0x488be35f2F14dC99E3004D92e21B4e120785cdC0,20
0x485B89C82fA15326eB64369902A4E8BF8AEd8036,20
0x4824546a5bE48D78A75760eb79A5b2cA4EF274F4,20
0x47ed0dC3b906DB7919cD7B568434af063038BE80,20
0x47d10FB9124761726781AEAbca149b2F253B9A87,20
0x47a3471C4786f02593461c9EF43Fa9C45C191868,20
0x4792DDfEcDE91fCF92ACF40721D7B133B0294C8B,20
0x4757fD8f0eeD13B2EE8d41eC302c68d317C34462,20
0x47432375009c06974370bB56dF2dcD225b1e539c,20
0x472f66F7D2108178D39e7525c69aE332de9C018D,20
0x471854ec8a6E7F8062F9e9A8191FCCD239A1d1Df,20
0x46F56054cE585854907806Aa5f094978DE9F741f,20
0x46cf0567800C70AC9a67fC3f79E7D015fc686014,20
0x469DFd6B452b65DA31F1280109Dc04Ce17B1ca25,20
0x466B241EA20d8C0311BCd1b3a5E8bcc74ED109F2,20
0x4574c16A89A4E049295f331A962F2DA39281A3c4,20
0x457334cd716337DFED481ef1c06ee9f12CE0eD8F,20
0x4535E686C12A7594094684dA45907Af449c66c75,20
0x451Ec18E11fF3C321e4c0e5cE8dAb25c235c7a60,20
0x451ca742d900d1A9702D71B3b65f6425E8EffF7E,20
0x4510D51c3D9c4504ad8b64199c435A9bf40DE1D8,20
0x4501134Ae75E32a658d0936Bb79b4058347aCB03,20
0x44E12EB8E7B37685a5A9aBAb0Cd2036C8a1e750e,20
0x44cF29b8e958e590e6ab9D8AD451A53290e62EbD,20
0x44a7aFD40e3FC7b2480af5B79e893d8a77dacE46,20
0x44a6000356858d312a737b597d24FA8a947518eE,20
0x4492C30AC3Fc36699bfb1A6Ab9069Da6faCa8885,20
0x4462ce7e280A9522beE3bD7068bb0A0f140E749E,20
0x446205cC9A765d68D0a01646853b43675e7B2645,20
0x444ba8843205bf20b67589813b204Df22EAce2E0,20
0x444941329cfF65E0403E0F7651c29304fD173293,20
0x44311933b837B096f651CFb816990D5E1baC5252,20
0x440177E837c54cfe6B23F9Cd25e2AEFE97065fDE,20
0x43fF52d7f93aD3762da794be38a851D9337E7a76,20
0x43eEfc106FB3BF55f2B0B56530AE4Cf396D6050B,20
0x43d9D435c60d57BF4BFdED01b18dFd67D9072004,20
0x43d06a847Ae3257F7B0ad59e0B7D94e4D9550B34,20
0x43CcDB1bE39b140Fa10Ac52bA5A7552602486195,20
0x43c364f8631801C5962AF01c8a9B4F3e59bD79ff,20
0x43b618Ab3a64Ea7d9899b9c50BbE13f6C9513b92,20
0x43a3dDfDb2D656a0D9342417C81f95B85e36B7d7,20
0x4390fC9D963f7AFCe81163618cb7D1AaAaf5E123,20
0x4388E96071A70283C23895D8B17572626722134B,20
0x4375FA2CB4596eAB72d4DcaD2aa08C33d2312139,20
0x437215be5aB4aB48F90702Cb85b7FC75983a4E2f,20
0x433c32D64F95BE66c913464d278BceffB89222e6,20
0x43362cb561FaB9a4ea7a4b64CF8C74b564b6AA8E,20
0x4317b1875EE36C02d813BE79549a405DB82cc2CA,20
0x42fA57163A13A7B3d4F1F43716706DcBCe7227C9,20
0x42F184550d7a3a6B94C3A138A22705894167afA8,20
0x42a98E8d394359575a54985EaAdcc4c63e1085D2,20
0x429234066AF586A992b859907AA0837E6cA69Fc2,20
0x428c4A10796cd0288574A5B15E0AceA2cD9BB7Ff,20
0x427cAE4678659AE7A32189162b0d04662b88D683,20
0x425D965cAc5A31e8Df6340Fa91B7557E03c83D63,20
0x42115827376A419736d029043d99427edAEd3CF9,20
0x41fbb832b4F6f7c8aAC91Bcd2D15F6C43C0e7A06,20
0x41e2625d28ff3A0DFd67f6C827Eb96008f4fb5C0,20
0x41dA5CeD758d8262A2407D10F45FfC24F6c20B79,20
0x41CF96E5a4ff52A0B24b85F26CA10cBD1729218A,20
0x41C332bBB5314898FCf070CF3Fa8ba6fDEA94480,20
0x4190B33D9339f3a8DFf65eD02FC8D6A4C0d3D636,20
0x4178bF794de98b1021b9cDF8e84e6d7C37b7EDa6,20
0x41506f8CEDf796a1E9edC5D34c5d43a732eB7cF2,20
0x4146A251237BF6b24908809dFCFfC941C2bd8e25,20
0x414233E0b878FdcAd0e3aE8aF10832C921b2986D,20
0x41131c32dc5f6e5F77Bf2d3A132801CAaf42C411,20
0x410e94Ca9E8F67c49660853bF5de6b6464afd0e7,20
0x40BB771c8F477079A0f411C1f334BB46897Ee4ba,20
0x409965A4950874969775A5CA006FCDCc32D85ba4,20
0x40970B8A5c49FE1aA6876050017924C1e732bAE1,20
0x408D2D069fE66110B92B58d2C206F8E3462bba2E,20
0x4088F96ECf8423387f5DBb32789D0dDb334FD767,20
0x406df6FbE408852E2B057B8414526a3804e0621C,20
0x405A125E3BAE58C5B6075104d6c60F8a460238f8,20
0x404d2AfE33d3EE0507cEeA2855d7C157E9C252cC,20
0x403f211Ec9BF0270888e8879d53597820B5cF438,20
0x4033c02Eeb1D986CFa03EFDE9B3c09CEcF307920,20
0x4005fF8FBD6d637EE72F61FAf5E472BC4736338A,20
0x3FEc4E8f105b6f800037657ecEAC991AC00D5198,20
0x3fAffD0f579FF1d0047D0ec0E451CF4680BbEB70,20
0x3F891E0a52d68D6349352D9E6ECd7b1E252B3Dc4,20
0x3F78c3808bE9Cf01c893E649e18d58Ca87AD9b35,20
0x3F47410eF4F9e14441a87706390E90608c643b4f,20
0x3F335fA88E6FC4e8004808d82BD2E2e426597A99,20
0x3f18b8b7ea6a6F6715dE3b75434d45051B495B44,20
0x3F0fFFC0Fa6940e52c42912C0D2e42733Fc1C1c6,20
0x3f04aE783278C37362F6512868b3Ad60070BA915,20
0x3EFcB7D4607402E020537b84a32Cd253E7C30bA2,20
0x3eF7CA67483eE997A368f5c77811f4661528EAf2,20
0x3Ef001ABc41dB6425a05507b76c44693d3D50719,20
0x3eb357BA55fe0CeEfAB1144d3a9e0A79CF187bD1,20
0x3E5F8A93E2cf3DCCA1918cb82FBbdc3474438393,20
0x3e478F8E19DAdCaD08891aC9157edC3998996e51,20
0x3e10867084f1aF867d884F1becbe31A38a736811,20
0x3De84b0Ce937f372A4c3466b29853504a33410bc,20
0x3DC831B5a11F241347176d6BA8178244F0697414,20
0x3dBc5115ADE5C9e7439E4FE342D7c31753E771B6,20
0x3DAb32c67F876BCf6809F2f7018EfA1754d5F06c,20
0x3D4E7aaaaE2683Ccdc934DBc08CaCE7B40C84b90,20
0x3D365c0E5ffA7493BF6DbFcAE7Dd4f21c93f720e,20
0x3D347e828675A5d6aD1C1801695798C3a2889D19,20
0x3d0a32DC4e0DaCD794702b20567dE12360c83acE,20
0x3CeA9bb4cef789afBE56645ad5B26Fc5FF1B7858,20
0x3CD106360d552F7D7Fe183d2F12aa25bF0C32237,20
0x3CC7Ac2D61ae265C256f140D4C46A742334Bd5FB,20
0x3cb88BB8c533ef8ee5bb8D664D829d46404b1058,20
0x3CB701ADd772c4BEEC98f7c82262ff06A8759B3b,20
0x3c79086b99c96422d7fa807312Bd0Bcb8dA0f8BA,20
0x3C284A074afe106AdBc1B6Eeea1C15983eaFdC47,20
0x3BEC4C75a8981E4F771b6807039cB76732b405E5,20
0x3bDf474dd525912e1a26332ACfe574dC40D2AfF6,20
0x3bcB7300fc9135611391cC808AC450D6f43543B2,20
0x3ba7B17201213068e78abAbF2B104cD175F64702,20
0x3b9DB642b18e7dEA345bcA769Bd0A66Ce00e846B,20
0x3B91dBd3D1FDde7fC099f66FD2F3dAf6Fe783498,20
0x3B8dcDFfFE6948B5F7C861240ba58c6AbCc1B7e9,20
0x3B70FeE4bc42438221aD7e67BcdfBc5789C49939,20
0x3B6A6aBF38DE13E73DBEC1303C4072b33F61D0e7,20
0x3B0F627E5051c40Cf2787C9cd954E40a3d44E753,20
0x3B021D9B15542e1450b31826498fC5ae973E517C,20
0x3ab037636C0D837b4243fe4b67C357d2c00Ae80c,20
0x3a92e9760BC6Caf8e67aaB162ff045D2Cb927f1E,20
0x3A8522a3017d1Fb208eB691FbE8e539D4D6dcd08,20
0x3A2Cb04Ee5E2863DA3Fc76d82F4165ceF9F7D3c2,20
0x3a21f203Aa82f4E0F983ae42A2190cE9A9f18b7f,20
0x3a05D633CF1b8c34498869E1dE6731524E3D0C42,20
0x39B946e35b3DC215455cc95b446eDd8368928d10,20
0x39B753c81C54f7bCEDAf03FF5512Ad4239179585,20
0x399EA8055b1695E4D59384AA3530a088aDD12aF1,20
0x3991Ec314278BFF849D7A04b93d4018FC94934e9,20
0x394617c9e89F4074FB6A21807aA6486839c49822,20
0x3937CF25CBF053E01fB818f79Bcd2A386637bbff,20
0x3921771cBB7d0Feae09B342e97db35F3C3E628f0,20
0x38Ee77740E4b3cbedcc2F35e5c479172bD3cbb88,20
0x38d8e80D41c45591B15A4424D5599dd81A89e1e3,20
0x38D1f41752dF97280Dd2c4112c1f4021b43FCD92,20
0x38831199AEF51fd218fbcc915b0b3073f68782ec,20
0x381c989b5DdcF588BFBC72414F3C87aB049fe254,20
0x37D0c35439E76E54D12d3303477dE5c9a74C8dC8,20
0x37B7E7537AEBc2602b2eCe2728F2621E4Cff11CD,20
0x374c2D507896e714b7E702Dc08d507Fb73B2136E,20
0x3748d02eB7045eA9aA23c2B48d0cC728a5e6A2eD,20
0x3734Bf9982327D931e171Bafa404Cb7cC80787b4,20
0x370b28B66FEa4A4C929754aCf36EF855366c450E,20
0x36EE4894a2a25fa49E5e124D3eE7a92A7D09490e,20
0x36D81a8550571f8AcD27fc677FFe26Adcc1E82F0,20
0x36d1C9a74B6007BeB44F5fc7b0b81b73B8a8d6c8,20
0x36B02C2537C08E509ee2B8f8D9F8f9f48016e6D5,20
0x36AdEAdc90d85071C516e442341E0e2a88c8fEA7,20
0x369DAEE388ea07c076EA9Ca0D96Cda16e2daF199,20
0x367F8bc3787EdF78e3A786068C62A1016E192e36,20
0x3674a4864916381D19ED5E29f12EcC0109Ee5436,20
0x3653d879067E21B3439D12E4A6C7e8E4Bea712b0,20
0x364B65F6db0E810E8FB0223cCdb0c0c6467B7884,20
0x3639D6dd4a19B49C98269A784d317cd90CCeD156,20
0x35E6Dc2Cb36de6DB372e6423ec9CF343d2f95FDF,20
0x35D4F47096aA9B58D0A66Bf3C794fc7637B8ecAC,20
0x35bF3f79dc89D5d0b4CB91629786AbFf4e09f1d2,20
0x35a5dFdc05dB6BFB1CABd999e99e9a210D0a0d30,20
0x358424fd586241d57c25C92AB951937C20ca2eb7,20
0x3563c982d301a2720A6d7CFbd2D86c4deA17fB39,20
0x355ea8b0d0a96023A5d380D2214bC185E2B65233,20
0x35519553225dcDf2270dF11F718A13988dF8a792,20
0x35478edB272601a239EDcFd84a45A2a6A3Df048f,20
0x353fC61fa46467094479a2418A555E62b05947A8,20
0x351Ac26412e2596D7dB7529A9E45dc698259EBa7,20
0x34e44737cCe1630fb58ecbaBcD4c1ce270a09e1C,20
0x34DB40eF03777cf732d1a2F2ba95c85f4a79e22f,20
0x34D073a8c98166187a0f782Ae2aBf795db14b9cD,20
0x34cD434bAff260330da957a8Fb7748d8DA812916,20
0x34bb9F4D13FAeE86066B0245fDD39aa72F11FF9e,20
0x34b18fDeB8556fD13De7859Af870dB1a04543029,20
0x349b925832a212F8A4BDe16C475d3A48155cFf67,20
0x3483A8fd4099939EBeB66D0845D67b6ff8eC6f1B,20
0x3478674E580A1488df2B2474455333f5849FB1D8,20
0x346fDDD6729c8F1e1dB1C095044a372BBB6fF1e6,20
0x34512f28851A9eAcD4BC4C738953F34f1F2F6a53,20
0x3444c94db21a121eb6eFD0791f9805e492D7DcE8,20
0x343cC3d8480ec2Bd0591adB71d858FC4A9CE1a65,20
0x34136e0230AB6e38d514341Efd817B1EAC856e92,20
0x33F2C47FdB1F0D7fB02EAf5e36Db28ad160292D5,20
0x33e70E1ED2E24beB3f4D6367b25196783D205D7F,20
0x33e5C746a3a7a14ED2f3867BF279f33ba350698D,20
0x33C1839B5937Bf02F45bA95173bFc42fE9f622a3,20
0x33acc68d84830bc40999c339FaEC35457d59F8Bd,20
0x33a6Bd117A8ab923beE5F36103F49B8971403E15,20
0x33919796EB06733cbf0ecD167045b7698928DA97,20
0x3365Fd5F11EeB48Dd87432Fa6630261656672013,20
0x331a986D847d5c2582F787c6A0b705B29606Fd5d,20
0x3289c62092890f412aCaEEc7bDDF2e02c8617Cd5,20
0x32878dED8133c1B04EAEde632e820bd8163Ea7f0,20
0x322f9Ea04fE9c8deB8473Ff2aCb1d594c161e3d7,20
0x31E69DBD391C66D8764BD915DB8c1D0DD9B2D359,20
0x31a7a61B30ee635374C58DD62EeEa766793A13C8,20
0x3189a6C511f0Ebb5E6332074741485ADe089aF9E,20
0x317E78b9af2891FF863ab66B5fCB15903fDfB3Fe,20
0x317CB915f3293974A0E021b22b31a3056f07d57b,20
0x3167eDC8067Ac31430Eaeb4db4D52e22d2ea98a7,20
0x30f5574a4C199372e8393F5f4F36c939757Da878,20
0x30ED85B732F6f8933fCE5b710B2a082E692D2288,20
0x30D496D76CC6c509fE8eFCBd0Dd4356fC0aa51Ad,20
0x30Bf02aA32255c73910A8120b4cC28d7A82295c9,20
0x30AFA2c930BA0F156E5EAF6792116fec0628c941,20
0x3092E07C68C2f504a898A4B875ed8A172433549b,20
0x308122805318DA52F896CcA59E62c4E8E92E63C5,20
0x3073E6692ffb8725f82024dA35504FFAc30abd1E,20
0x302ccB7Be6AFE5c8f2Bd39ff0724B43A4bA5D836,20
0x300C4d0cfC438D5AB9C2e5837FE708B43C4edf92,20
0x2fdE01B435929B956C491508f3525F065a7e5BC7,20
0x2fCd9cDeE53FcFB159c621a077ce11A353329774,20
0x2FCa687341658b71Bc74Ff6ed9F17AB2B39AB814,20
0x2Fb9FE5DaFE5a0C1f8170E575Eb4D6D11C5Dc423,20
0x2f27985B3ed7508D9cc004887BE43aD6f7623298,20
0x2F26C1D10456b6256460517AE912B5785E395794,20
0x2eBA4620d86a6144cd3A6e198eE71Ba4De1816df,20
0x2e9d94609865f8218B9657033144bB3EA0BB6BFA,20
0x2E96905fc0D7F3Af2A1F1f789F23e2CC271b205c,20
0x2E729BECA8C18e648104fD2ccE8430B39F6e76C3,20
0x2e494416BD9A226d79011e64E9C49dF481BDf32b,20
0x2e399B85ff7B566a441779660DDa392b2C62A461,20
0x2DF2AA2165D76Ef0C3d3955CcAB95e2F8832F2C5,20
0x2dC518631f5D99e1BE3B774EE3533fD4C2FE04D7,20
0x2d9F251FF16301C89BB1B1E8173379f759506639,20
0x2D844967436d2C19D18247EbC4F7821A48702036,20
0x2D83d50823213cDc09BC6356eEa6CD7EF075310D,20
0x2d805C765856b75104705Ef53131b65981085C89,20
0x2d7fD161d98baC419bc52B9B4492495ADb61Ad3A,20
0x2D301EB3329039d16BE898Cb607555F5737c2Ba1,20
0x2D29FeeF84ee0F771257FCF33FBF6b307F3286FE,20
0x2D08A092982eb3A66BA58809424C8c71ca37A7b2,20
0x2D00A5Cad809b1aeb7205C82e9A70263C1269194,20
0x2cf6A226c3ba156998E27Df0fd546aED669Fd412,20
0x2C94493De987305cB781DF23D2084c160A3A8B2c,20
0x2C630688c571023C18636Ce24977C30f521B9199,20
0x2C5585B6115bF2186A109f1cf6098Db83f4fBdc1,20
0x2c03a882e2989076212254fad6f87e91b338ff5f,20
0x2BfDbCfbfE3D567F03bD3BE9C405294DA13b3E89,20
0x2bdDb47d4298f59E48B9A018B1Bc2ce0534Bae6E,20
0x2bdace4218773C4ac7797E9103eF944aCDbBAa3C,20
0x2BC74b007D775504Bf40673EaA47F0d2723283C8,20
0x2Ba243EF5Cff72eA821e9109D68286AddDFe0279,20
0x2b5e9EAfc1Fe5a25f7c70D83F439d7Ff7440c244,20
0x2B410B05c0de4F45fA1e9e8Fa8aE39f02735c996,20
0x2b369854f2Ac7444A5f5E773a5f69E794770C12f,20
0x2Af7d256Aa4979fbfC52a544BBeD0d1ae1bcf093,20
0x2AECf8f9e4288110A044fE5C1a219129cc172d25,20
0x2Ae1F5180BAAB3D07a7E899c62044c8f3E14969c,20
0x2AD9A19b2d084c5A734E483592ADB60A54679134,20
0x2ac693CEA57906B4Ace063dBffbDdF125d8eB258,20
0x2AAcE5ab503CE73c42E058e2f9f7f5b7Fe85937B,20
0x2a81361A1077FD626daD38725D70733972d7e30d,20
0x2a5B7b98f415678E5fed05401f442D36FF66fda3,20
0x2A3fdc25021B2821A04c0740c43f6DbE1d55d0Bd,20
0x2a2cF26Ad15497976C75295171f21AAD9628f08C,20
0x2A0Ac4e79be2eEB6d7c19f6bc70b3fd823441780,20
0x2a059be9c1C6a4c3931237192B6e718B7a430F22,20
0x29d6dd817563796e3E3cd0960A34A62Ee41B829C,20
0x29B9e3028044e3302538a9880B83ba608555AD73,20
0x297C75abE93F2271e26A2Df9cF5Fd50667946ce8,20
0x297C0365542957355e51D2f653AA39E0AAC983e7,20
0x291F9c8F4ccb2Aa851781FcbCF695e041f38f7eb,20
0x290eC028c95bf11d5805Da35f345C00dE3ebc869,20
0x28f6f7a2486e1282819836d05dE84A0DD37Ad897,20
0x28F43a5C9c17A6921f40b5952770bC91C88965B2,20
0x28C1cDa3d422930c6083C50C28d6e506E994Fa36,20
0x28b70156ac20092a961c04AcEEAd0De2e57AEd89,20
0x28B70052B7E081aa84eB907e158806dd5c477Ee6,20
0x28B068d17D1565e29d842C7b5662b850642C7e7E,20
0x28afecfa0d7530f264CF9CdeeB4eA3FeCdc27028,20
0x287993aB86DADDa9117832931189f2c292A5e561,20
0x2842B84aE0E265E9306187732B9a0DB5e423c31F,20
0x283161B45BC5B2fA22333a38714c8577b45c0AC4,20
0x2823BbB1f995508C384Ab50c22C44DfF49a656db,20
0x28237924ef99d5026B61Ec8d6a9a39324D41c34f,20
0x27FF503af40b45Ac0D87F096f1bae9f8Efb28a11,20
0x27Fc53648Cd9AA61f13882F84a1C231AE7f08c5d,20
0x27f017Ec13241cb4142a2631e8d697CAFC2e6bb6,20
0x279E838fAF66B80faa18eEC451a21cD29B6ECbE0,20
0x2799f2CFf4f607462D052f0D33c1d1671674F32C,20
0x278d9544a8C5f72407Af3961BD7B22977ac72c72,20
0x275916B4ff2e1A91b3889Aa798286ad7dBbB070D,20
0x26E02fb3C9Ee4dd0677a42011Eb4125F1F9E3fC8,20
0x26Ac342900bdea473AB154d1A72e00e4268fcb24,20
0x2688cc3bDe93D07321F81598B93b1553C6cF03E7,20
0x2685E2578E0970FFFc67f005c51F89739F941924,20
0x2680963ce6f97c2D75D079C3d3e5f9487F6531E1,20
0x2631936f409980F80D6D67A8f2E095071Cfee10D,20
0x25fAcC31B1752e6d214680927AA199c659292563,20
0x25B7ccE2060724BB82Ef8d3eDD71F7DCcda74EA8,20
0x2597D10AE6358b9D67B0037eD011783fd9738506,20
0x25487f890382134b80Ec8695529f3917260B8dB8,20
0x25273EcED3dB1Bb5578dce361183a3fe47bD8D0E,20
0x251fE435F8D1e52Cd7aC46fc39c741A35b6bc6BA,20
0x24E7991DA324a1Cae26b00933024dbECEB7c7712,20
0x24C0a6721EbE2D083CCCD09574a44119120A2Aa6,20
0x248621aeb9705eEC28cf5521eF561d76D61799D1,20
0x246D215B140D45fE0CbF6F09690Dc511887D9134,20
0x243342aAa06D445D097c9a01411639804b201584,20
0x243211040F6775c28057Fdf2C2D52DeA4bAD147f,20
0x2424ae241ef3d6b7568982Ab5C83d7ca28eec803,20
0x24220Ef61C45F707dbA11Ea3Ea7658b1f428d3eC,20
0x2404fc3B368109143e17Ca19bB834cBa4F55Bb1F,20
0x23F8aCa57850Dc4f81c4ff1a16D6ff7c626E1329,20
0x23F58e6840D95167754D5A4Da117986705425dAD,20
0x23F14322CeDad899dD25f6E134ba5920907B8499,20
0x23a6eAAC0223508F7f9ef9B65558bA663E802D2c,20
0x2360e51a282EF311c25c48b8C140687389864D15,20
0x234B63567d9eD9708134BE9d3E762679CC965c38,20
0x2339d04d2d4957163f4d180d233AC2520f789541,20
0x22ff1Fc111feDBBDC3636b8086545b4725C3c206,20
0x22F6E173EE638eAC5Ef235A750990e049b9Cc62A,20
0x22EaeB419bbcdDAe5B322294fc8101e280046ac6,20
0x22CCff4d394DBcf6b327D6132425A932AFD56060,20
0x22bB0c7a21911B2ebD47dc3443A094ae16A48137,20
0x22b85489775EdA3283d9FC6ce49cC9C8a19a222E,20
0x228e109B61F89768d50c46f30f0b2D60CB002226,20
0x22500f7a972dBF3A221D331d6D76c82C7a8aEE71,20
0x22112615373D376181276bCBf57FB9413170A343,20
0x22054c2a01c7D0952351e8Bb6cAB60A4718F90e6,20
0x21f3d6225C59AFb09c0151d281d45fCc6f50B2ed,20
0x21e504e21BccEF448db1E23Af627f40cE2661137,20
0x21b6DC03B717fC924276F8d17D9fdBD1acA94304,20
0x216e20eB98C4ee26eAf09721934167433dD289Be,20
0x213AB4B8ee0B8207a5D5575D1e448E6D2a85c029,20
0x2135e78929960384b5a5bC65f00705e1D2b420Fd,20
0x2132ab8DfB9C5072CC1B03F0E80557762cE46b2d,20
0x212F3cb26f21604fcb924E2b1D873c1108d2dbe5,20
0x21213226b73E092CBB9cDa7f20a59C6CEa7fCAB3,20
0x2105B29b61E65B6a8411cFA11A41de2cC1A0D4ea,20
0x20F6c3184E068D9935D68c0D658e2f2C32B0EF3B,20
0x209db5D4611051A786a4d7219a280B6f488a8785,20
0x208015E45acb501eC7F8537fa2e77c0a951D2136,20
0x1FdEab53f8fd567eC9095D09FF12f1ED21564De5,20
0x1Fc8ECc24491647bbAC5B12B35f2cD8D75924105,20
0x1Fc66fF3df2B182C3Fc3B3dfA2d2B3a42Bf3792d,20
0x1fBa79Dcb0Ee84ce4D9DC9D1528b53E37aEbd480,20
0x1fA438C34e4d5F2A06B333FeF4d8530b668902D8,20
0x1fa3613755D4A4733a8eb7f38B8d9515AcB0E8ed,20
0x1f9505682F190E4E5218eFcA51680bC385985609,20
0x1F84A38887c4974c3EBd53375528bB902c95e447,20
0x1F80b7303AEDEB870c68627E597415BD522d9F28,20
0x1f77496f3D98D11bC79c89cd386dC86807883568,20
0x1f71F41212c9bCd72f95718546f12B9C47cC2174,20
0x1F6218878b75C808C31a058D20772da5F4e48daf,20
0x1f144DB8eB58c04886F540C3bE09ce521faB947d,20
0x1eFa867471580D25EDB2991B854c2AeCd5e54C3D,20
0x1eaee8915e29b0E617B059Fa3bdFa0c13241ae9D,20
0x1e010753Cb6dBcF809835e26D4089E1cb0aA7565,20
0x1dEe5575E974666d3C7Bdf428C223d7C49A2Bca3,20
0x1dbeF06EB7D6Ee01a2Ff027FdED50bb274Aa2Eac,20
0x1D9dd3eFDF6b8B53166dd4BdF2ac7897b0ca1E86,20
0x1d6A9eA7760fe867C11eD70CaB8E7a3d8f5D9cF3,20
0x1d665046369a209C51eB564968D0eFF41338B4C0,20
0x1D43dcc9f1313161c1758A11b4D0af0Ad947Ed2A,20
0x1d17B0a7b0D4ce0E410623AaD0A9e4a7b384dc3E,20
0x1D108dB4061Ed3b0F66dC615d54A59e5F9B10332,20
0x1d0EB2f6c71527486fEfa9C41A284cDAE6CF3a11,20
0x1D047405ecC1D408784955388d245d544883272d,20
0x1cf639AA787097E2564Bfb65f9F43D81a91784b9,20
0x1Cc33e9584F6b9F25E26F1E2547C51dA150E87Df,20
0x1c705a67f952a67d878392edbe37f52ED71b4c39,20
0x1C45E0E90E3d98A2B366e2bffEC300f088B20Cb0,20
0x1c1c3Ab3614764BBAA425aaD41326E73d26cE849,20
0x1bc7Ab312E471bAB5A0c3FC3A3921ca98b4D397B,20
0x1B915EecE2c654fF994261812dc58e3B0E2a2101,20
0x1b8a99527561bD73E375df7B4B14B10Fd26025Ec,20
0x1B6519d31476ee88f266c6d3ebbD27E9daD49704,20
0x1B3d097C04591D7AEC0df7Bf93f703fDA72Df13c,20
0x1B31411B424b7C62df68Db69dC365CA6d7754e68,20
0x1b2EEa71F86013F44099d35F507635Da0Ca337CB,20
0x1B17D5787454DA4f9CCe4C54d645cD5B72c0B07A,20
0x1B13fF9eC664143170B6DeA6ABF9529B3f9540ba,20
0x1aE2eF5c8339A37732C5De52B0185B202d2BDb76,20
0x1Ad5A3b7D0350854EfcBe90957cc93C6A82BaD06,20
0x1Ad1326Ae5caD3c912D7899649286AFBcf908925,20
0x1acc780FB0B55bc05D05BB5b0881a22B45282639,20
0x1aBec1acE62B259252dC5970CC5605AB76A34F88,20
0x1A6a5B2B78B78f3c091d1E60736d3E49A901CFC9,20
0x1A433945295e9dB84A13c4B48Ae2689fad0C9dA3,20
0x1a409b02396b0f6B8BA8F4d2231aD3cdE2BCa94E,20
0x1A0466536136960638ab54599b9e9584fDd50cF6,20
0x19fb1F42Df8aa231cE504829e2da6E38d932bdeb,20
0x19f55B0f3E683d45936d527A4bf4858A710103D3,20
0x19c0862Fe6D19C638a92685BF3bd2DB00809F237,20
0x19bd0a527430dc653Cea31c67c9CeAb025d24a71,20
0x19a94293a60a2588310659AF54E1Ebd04B780ad0,20
0x19636239E0F08Fe232dFfFBA9dE42B5AAC2De391,20
0x194a43f3D99e14662b18d3F4CD6049ed0A1B3737,20
0x1904A7ec648f79F7304292203dAa0bF5eADB7DA3,20
0x18ff20162Eb28e77aFCb2cBa1266C5Bf31933C46,20
0x18e9664A094D8d134bb3bae84119305aFE308ECE,20
0x18c1799b156cdaaF0c4C2187Be68c94575a2A4f4,20
0x18bb022fC8795b580C9613Ab3642Bb4155522d7C,20
0x189785942ec1cA08aeeA1584995f465A8Ee9E122,20
0x1862F27Cb5979ee150B9370A502F30E017eE0877,20
0x1858dE2e7B98c29a0f0613d576822D3566451beE,20
0x1852A20e92bC2c3F5DA7E217de26483D3832CDC0,20
0x183f147159D10b88f4fB27A00Bb5A491E16d69bb,20
0x181f37D3F3E7Fd139a145b5472a7f4a355CC26f1,20
0x179b61b57dB7FdA279c1FBBa2CF6283e9bCD52Cd,20
0x174464F4457d9B203e2d999465F0524Cc6e041B2,20
0x1734C0EAb64A09322146Ab2aBB72b21f44F89B5e,20
0x1727AbA4AAeB60CdD626a4AfbB9d7aa4F0c11d16,20
0x172783C29F5c3E56EbC33B798a69E16A974B22FC,20
0x16D1bc88d53b61DB1fd2Df30845D648121ab52AC,20
0x16BE7d08592a8081b17Dd45F84bC9Dd29B8EF616,20
0x16B266541ab166aF31693E19BEa524DaBfA0bC60,20
0x167C4f3eDB092eA7849C781578cFB828b1E327c5,20
0x166501590Ef519BDb16Dd3855a6Ae75511e3F660,20
0x165Fbd58922aB420fa14BA22A1E05A5f4fbA6292,20
0x164Cd0B24e10C9230F7d438691C8F7Ecd4aE2D7C,20
0x16172a12073521cc7dAfB6f1daFe7a22C9f988F9,20
0x161274CA14DA2CC8b0C6Ba9B72952Fc330b15aa2,20
0x1611AEB2683489A2533A063Aa49bd71aD389441E,20
0x15eD9F4A3028A90e310eB29Bdc8E102d393EDc0c,20
0x152FA38FfA947a7FE081A8a7D80d7Cc402b5BF9e,20
0x152f34d2f5F4Ac54AF0f21E79f78243b91a870C9,20
0x152dC5333CEa85DE1E58327972722aCeca76FD05,20
0x152b3C95d14e19E13F41BF79016D5d921c0b80fD,20
0x15116dD091C472a7AF4D12C27D2214136033E77f,20
0x14a34Dd5615Ec0322CF9E95C325e6228D0f3B368,20
0x14A1150ff985D779313056283278D8435b266D76,20
0x147Ad798c518A877fa2a307F51D050585A15013e,20
0x147649428E1BF3bd8fE6840Af9872Fff96e82887,20
0x1474Af7B09a1d167C53Ac00eB315136A2603D7f5,20
0x146005517FCe662eD284adaA47462F94786c8a13,20
0x1435aD42A9eaC4FBE74A625Ac7Cd47409624C753,20
0x14338d3F045bC4c6081Cc3290cfa17bEa0a57B99,20
0x14280FdECf7A249D229Ab52C6895D58a53B8d3b9,20
0x13fE6d9BeF88b79284dd6992579876A686b2ebF3,20
0x13D0e6c8D7F9cbdAd4A0021D4f5bd976c9e4EeAE,20
0x13d0Bd89Bd6F6f40dDcE1ABd6288278e14649983,20
0x136d54bc4Fd247EF03C5C6E419cfeF33DfF91604,20
0x13430829B833561ca14B644615AB5EE718440f27,20
0x1337Fcd68aB83460a76eaDec52fB65B594932b76,20
0x1331BcE3DB6e7D9c376511746aDaaa2A20ccdB76,20
0x1323C6880E07c3880Bfce17A29742631159B0D64,20
0x12e9435151a576146750Fcd2AD4d0d10Ac0c056a,20
0x12Db0AFd2d665AedB45A3B3c6da054C405c477E6,20
0x12CDA2522396464cA19368581A25E7727CF3A84b,20
0x12B681600377b8b5525a071f2df1C4972eFA1760,20
0x12b3fab45A567e811815653495Fc057dd6224Ef9,20
0x12Aed96e16174a2Bb174f28B91b01AD027002f07,20
0x1287740F532c60124a038Bf9AB79101648B76943,20
0x128705C58a249cb25f32c365c46CFa50cB4552c8,20
0x12455d8B208a1247Ba48056BBfdb1FA7Ef80771C,20
0x1239365B8d54bc6fA89bD1137305806fC4952D92,20
0x1230879493c05E74F47B5563e2Ed51921c29c6cE,20
0x121E37CFdA6528c8fDEe37fBBE0eC76cd4F278E2,20
0x120A354e3C4715A1766c842F492245510441943f,20
0x11fEb66Cd885d085F9d67B02280a9f8FcB078e2B,20
0x11dDB6Cbf950A3E086e8d2C146e7270C204c65F4,20
0x11b6FB44e3C52Ac917E15785F73e2D147b51db69,20
0x11Ae0C50A009566a0774ac73469dB90929Accc68,20
0x118E91075D90CB3197e4A7F055119D56419AEbF9,20
0x1107D6Acbd248Dca484886808a7cc6403e6b0A7B,20
0x10Eb78907E27C2fe7e468f0ecfAea409Faa99c02,20
0x109E58Bf171a19dDc0d0b9E4B37BfA72E626873E,20
0x1097B3A9c465d7D276e03457637475050a94642E,20
0x10944F987F878E6105a04798AF9663d377E73eA0,20
0x107Af302c29817b9EDBdA90661B72D63d96B69FB,20
0x107268C105a9e99ebf14C4F347a3Ef7dd6b244d9,20
0x1054BdD0647531710529cE39f0645e9e97ae35aA,20
0x1036a3B4F6F2FddF484aF3c62a155C3F9a681534,20
0x1027606a2a91A8fEe2D876Bc57687172E1CD4D0B,20
0x102381B3754aA2172316A84D46b3bcf7dBe8e660,20
0x100651b3E3a210D532D38A05f1eDb6587d4E0AaD,20
0x1004Cce3DA6C5a757313530a8499c0210d6656f4,20
0x0fCD9755fEe0E827B921371A262A392A4E26BE66,20
0x0F9d49cAC1F208D58cD4B152e9D2e5D150b62716,20
0x0f320A61c73b51864507083f659882728D6EeCCa,20
0x0f1256F676d0ED1EF9e682Fd371D1337D47fb360,20
0x0eEb3BAAdB81180Cb64D359A0dE950E47ffC17c3,20
0x0e559054f01b4A156a7EA5873de3bD470C843Ca5,20
0x0E2aD14Bd20d2BA6bEa6cE9f4fcFC464a3FAf472,20
0x0dC6B12CE121e5E6D97AE31B23538424298F984e,20
0x0Dc6042d563598f75bc6e10d50316479B9D55833,20
0x0dc32F49D5Bd366Ebac5cD919E72fF8FC315256a,20
0x0dB5AEc4c1Fb81E81f3914F156F1906489900ce5,20
0x0d7e959B5934e37952C8464Ac44Ad0614F3dA4E2,20
0x0d7Ac1cfaC50e060976e0bdbC8db5aF7448b6F89,20
0x0D72f36aB0A1f9A06369612CC4c0fDDe37fb7e76,20
0x0d723f72c7a005357f0e9e381Ce4dE8664568694,20
0x0D3950fD390e3FC4705FC1296b5b7542E8552222,20
0x0d2A3887177766faF9A535286a8BCb5172E0d620,20
0x0d0a8f19ca266449d1041D10451D6c9d2dAFc34B,20
0x0CEF73E7423D5acE4dB52FB47016c63Bd044db55,20
0x0cc438d928918F4D03e2FD750b0f98AD5056204D,20
0x0cC24939e76FDaEdD6c047fF93839f343C48ecda,20
0x0CaD9C270745Dd0CE3Ba743914A7B3192530EC23,20
0x0cad9A4259b96a9e177eE8d871e28FDDa618f0BC,20
0x0C98a04576Ddba3a4eE499057d86a02971d72f08,20
0x0C7630C2c450551CdB56416BEf1687CB2A4E082c,20
0x0C64aE1018b3A2e4148e28Ad3AeA678D20B05952,20
0x0C579FFAA035bAbeac8D456EEFBa7e7ecBc79f91,20
0x0C34eBF011f25F6b886738d8B5566e8B634fFFa1,20
0x0BBbB3dB82e719e12B8C651583F753dE023949af,20
0x0b85Ff17Bb4CabedDc4EDD635888CbE55ea9626f,20
0x0B8068895b161C943d97bA5266849c6c3DA1198a,20
0x0B5a59cb725a260C0028bB54e8A6674272ebc9Ff,20
0x0B4EF4BA02cd3754C7272fCbe508393f2fe8e85C,20
0x0B3566502D353FCEe776CEE70F5fd42845Bc01d4,20
0x0aae5d05Cf264f47cf57d69B3202ed4587660698,20
0x0a9177455C8D6F6FeDEc033B2b77C34d8f8c6007,20
0x0a89eD14776E048d0E9a40bfA27fB571B983E09e,20
0x0a471224e17CD28dB60a200191aa3372eB24Ce04,20
0x0a3Dc11AE55441C2f5d9823edD88788314250d5f,20
0x0a249ECc884CC37C7175f2bebE86CDe1bfc53288,20
0x09fD99F15fA9b63f895E047F00255476fF4cb605,20
0x09a66CD9AdfBa57bd252A9AB469F0C764732e479,20
0x099e3eB34F1c18330Bbd3052dCa00e41096DB7A3,20
0x0987220E68cAa3923CAB63cFe9B27F0f97607387,20
0x0963865139500EEf02abBD41E252f4bbF421790F,20
0x09386f54Bd4514d20a36c54c4A0652FEE2946b67,20
0x090C4Bf40596c25Ab41d7F2209F8b09303AfEd7D,20
0x09049dA5Ca3D668860948A9C1d79FAfD7d21bEA6,20
0x08Fe5b82cBbE43b70385575F39F7B170F7AcCBDE,20
0x087904433Fa1aCa5406deE768326A396CC002a6c,20
0x0865Af5827e8b391FC2D95b77F7CCc641Aa634D9,20
0x08553679999DbAE5936AdF927f7cf23fbc0B56E4,20
0x07eF46c7988e27b33890763B4c2b6D9142A7f620,20
0x07BfB6e8432877FE76cF050F574fE0D6eb2b1da1,20
0x07BDF969E8950725de08ECB229E6e4663F4073B6,20
0x07b391A826F768E64d0c1BD4dF5BeE9BFc7C23f2,20
0x07a36Dd888cB2d919718296EB3BE23D18b14b08B,20
0x078031d77edeb940c2fcb83c2D654Aa864b96A3b,20
0x074f63E56121382A109a35Ee84278CF1D84B803B,20
0x07461301603d5505DBC05b498507CDf90C06876f,20
0x071ED5F9EA27bDc03230d3E8b5Ae3F53E18f0410,20
0x0710c67a1aA32A633b69f8d6106004D04871d90F,20
0x06e9F682C77B115bDf776BC15412b936b729CDF7,20
0x06bA79aE645DE85D7ddf9E2E3535aF3B16937F8F,20
0x06A68A9Ca1B862638781434c5fcE78435fbBc9FB,20
0x0695F33c1DEbaaDa3DaB7B40471DE598972ff078,20
0x0680FA3CA73405a82Be21AFEC8173AF9901D928D,20
0x06538f7a12c64a94da6738B4AD1e1d79b81F9941,20
0x062fF6D7127136d5EBFff15242da65F01474aF1A,20
0x06138432AcBC76Eca2CBF92dA52f9d8cf57997AB,20
0x060d5E54431a8B31De1D66040392352655AE65e9,20
0x06026e82c7e8b3896808219A2D41C12E4ca92691,20
0x05fBaaE5CD1b03Aa4adcf38E738313b303B6888A,20
0x05f552Dc1C9Dd7b1Bc739DFfd193820447D1cF19,20
0x05ebF06b3E52eEa3188AFbC0394D5565Cb185E33,20
0x05Cfee0c478bC24Ca56Bc5a61A014217180fda15,20
0x05CBC3e7EdE3785E322F17fE5A26DA622E2B7c1C,20
0x05c181d43c846621bB3249258dDcf9217d6DC3A0,20
0x05bC5d08a05c648e4fDa1721F6a0e8BbBD6D9d35,20
0x05952a193D3b48669D0DFC6c42e6AD8a0E610865,20
0x0571e4C855d58D6029Fd93035e94d7a6cf52A0EC,20
0x04bE5EE184F10b78f8f20ea52d6687eC839c1E17,20
0x04487174AC5E3352a77BbD8003ec33CAffD968e7,20
0x0443F4B77DA00057e37a151C739C1507e28c7F25,20
0x03EF9fc6f858fF3aacA3CFA1a37D94f93C4f8D5b,20
0x03EA10dBeC4307833Af11b56e820014593BFb0FA,20
0x03Bb919B249C3d78472F2f346FE7303606b09A8e,20
0x038347Be20f961Ea7fEEacFE795f93F600eEbD63,20
0x037F45Ee6CAA1B3c36E083D40ff183ce856d04ff,20
0x0302dEE6F8B5eE8aebD5A26Fab5c0E2A0210eBD1,20
0x02c2e0a09218F10104f0Ae8001eECB7bCa67CcFB,20
0x02A41450dfE61ab56c68172188A6F8542F863d92,20
0x028D7D2371C5202C411F70caC1eEF676ae297D3D,20
0x025480633A64bBf8C6dded8e41bc023f7fCBb8cd,20
0x02174099b05406C3a8aCbFf1738c2ea39511F8A3,20
0x01D228B53e1ee11c62B3F53f5394bcC205429D0E,20
0x01B451E473bA79F410b6C124D30b67689d06d0b9,20
0x0197c602ED18b42F35ea265dcEa5dB223E05ab88,20
0x01457F42D9A4aba7F7E561EB201050C60Cbf58e6,20
0x0111BBC1F307cC9bDE8Dd181e17c36B17d342EfD,20
0x00f5DC4Dab763E955630eE11e4b7aE2fCF972849,20
0x00F4Af8dB9A26294c7a7D95c48206a56A670111A,20
0x00f11bAfBcE4C19B24907ecDF33b56126Ce7d495,20
0x00eE71da9fdFA8a30d0ce691d9f5C154e4f66fb3,20
0x00d86Cf36cfa992E69dcb51f0429Eea74F105791,20
0x00BDf859C9174F60a66003B2A5bECd624cafcBde,20
0x00ab7a8bC12C61B435973F038f72f90b28bCE644,20
0x00A631a298Fb65bEAFE57B9AEF8973CA7ABcB181,20
0x009CFf25a35eE4784adBc55483c5421b7A6d9E60,20
0x00909DE0E0ADAFfABfB16F45F2f10C637b8876F0,20
0x008E5934DF3B2b1ba796E1b58B3098233D2504Ce,20
0x007D854ca37C294D80F514A64Dc37396533971B1,20
0x007489bb91CAB23ebeEed0DA5d5D106f0410dfed,20
0x004cd913C7A1bD0f9B6b478608F523518D3FfD1b,20
0x003f293AD58549E4A9c41BB269bBac42C339E721,20
0x0034E7b3B215711420De5bCE17b2efBCD37C1031,20
0x002CEC7B253b64dB406010a53B3a055BB8C77260,20
0x00246bc61fE72be6F3FBd1F425872eDf365a0DF6,20
0x00031A8cE03b23C14E95Bea7EBcD9F04d26AACD0,20
0xaa63f2208b64dd6962096dee128e92ae7d373c4c,80
0xB9127F69BEe7c5ed4e6290b16c666fcFF65C8BE7,80
0x7400ABd79F89dB73CEB08b00AAecd2dC1D6ef0EE,80
0xD0CeACb58f3C29f8e194162eA2e34Ae060DAF675,80
0xBD76E14e2650fbc3a8eC87eD469A10CF3d6A33EB,80
0x948585F3Dfb6C58C6b5704579bc244f27Dc325f6,80
0xA9BAF61E507228AeAA49721177B8BE465257D77A,80
0xEAe8a413B30c6434E5D95e44b4f99840cE5F32A4,80
0x2d7a9D886f3AE319a416CBfe4093693Eb4086E73,80
0x594f7109794db54e35514c29892730C33821866E,80
0xB62f3dd5576A000c0Db23fd814b37c65BdAe1f61,80
0x85C61019cd9AEd443d5D43855dA31949964C5f37,80
0x08641f45f84DA7CD8393D7044ABA7eA513727db6,80
0xaCeF787Fbbf812E28AEaEABD4562621D2FAA0ba9,80
0x610bE1011A1C9F75b17D9d0bB4eaDD06d5Ec99E9,80
0x7F41319851634edFC97bB8642654AA7bF7b81F42,80
0x5b3C115BECAc871BA8963ebCA730d61dD18D391B,80
0x7976c99939eaC0F737973dE3243B7f66982A1c8A,80
0x0Cf9601Ac54aD4Aec0099fA4f3Be05708F12996d,80
0x76183400D473f54759296c07e2da1D4D116BC3f9,80
0x7EA3D93731dB16DfD5549479750E24f104f6bB47,80
0x802186897224C7F462208CA296dBfb60917C4719,80
0x5855DB569Cc5c557f7b644Ef8c9ff42D31C7f389,80
0x6F99bBa5D425F93F0c0b6b3A9F3a818eC60472EC,80
0xaAa6Ca4E3E36F634a6053F32FfFd779E81a0f1C1,80
0xa10510064fB47F8caFe90B7c325E66b1F0b0281d,80
0x61ECf13430925D295cD6A2d31255dA0CF877C5D5,80
0x746b76F86C2f2f5a341779e858099249ca982826,80
0x13AC03300a65133e47c0758a1E0269552395F598,80
0x8d1E2DD6349C2d213640B3193d44c148b85462B2,80
0x369d607EBf789768a580ceBC74E23949a293C05B,80
0x29e5114f9ae59ec21f356ad46d41d0f2d0aba1a2,80
0x6AD64b590542fdB3bBb1Ac41129Dc6144f791C22,80
0x1242DA43B6aD361C19c1C304471ff6ea76F27520,80
0xE728ce82d36b72E74679c5e51f0341A3b64a4512,80
0x65316839965df75420f7485333Ca5eB363D909e4,80
0x016DDab78eB55d24491025d8a148B95eBb7a3F22,80
0xAABa2963dbc64274100Ba19D2A1918FC622536bf,80
0x19E0703Df953E59D700604C74B6d4A78a7cb67fD,80
0x951d20D58f8B96d724A8A82F920b8E4871168397,80
0x37714e178baa1fdd794b672017c37c95e82d8b12,80
0x215f360b289465bfb2f63f31a49c2aebf879b6c1,80
0x8f9adff080537d689bccab485789b17c177892a0,80
0x8BEa10192200c53556e0b68B46b7A3105Ec90E85,80
0x12aBe4115FD2c4DADA3Dc73007a9B875994eE4a6,80
0xed0726CdC393ADf34DDDe3a2B02E4cd40cA0F331,80
0xf47110EE10bEA33042e23972171Aba71d26f4Ef0,80
0x541c54941bBB237594bbDecE66619952c2EdB228,80
0x59eEDf7400A8381Eb7A94CC3336948f64C5dEE34,80
0xdD5d3Bf1d9e4e63e900027ff04309cafc0eee13e,80
0x7d4c9acBf9033c41874a542032a9F5B7c19F12dF,80
0x5B5D3Da0f560A7A86f87377ba6AcEBFde0C000B3,80
0x3AB74b85Dc1132a91078a1578FEe9BD286c51Baf,80
0xe7630cb81dD76d426d81BcACbc8F9202Df003929,80
0x147A58EaAaa9a8424e012998CC9bcBfDCFB8047E,80
0xc25e36566868647a679c5e7B2A18F96fFff45a45,80
0x432F4d76CDFD1990bD5e312909AB1eeaC862C0bF,80
0x90C0a1fFB765daA50ba72c6aa2134f7132776082,80
0xD21c6605C1A865C5055d6252Da485F715d204A1A,80
0xc2DFe2476B0f13FE051d6142dF74F83B8AcCA3c0,80
0xDAA872B0Ce8EB54B622A5239430eeb279848458b,80
0x4758EA007Ae06322553C61Aa9b2f5ac2b348cf6c,80
0x2fC7e4d26E604aE9Fcad6D87Bf65d39ABcb038e6,80
0xBa875e029c0716C6566926bD3EA4565a8070fD53,80
0x7CEF2552D96FFf93c61081115115324302E277ba,80
0xD7D9f6f9F9FAdaa97A95FBbAD29EB165C429AD91,80
0x7DB0f0E72E1f38d2e2d83B6cD60d2Ef2B8f9614F,80
0x17789bdB4Ef09E271F0f705299A424f690948d54,80
0xc88F0F1BB702e0c42646891621EE95bA876Af333,80
0xd240a5fAb815D7A4C642D09EDad87F4085191B5a,80
0xEdC41944AcCd46D365c727ab2403C843F968836a,80
0xDe235F124d8EADF0dEE7B3aF4eD6Ac2Ddb877468,80
0x19fa8520c40a8460C4CD38AFeb0E61a028BAD265,80
0xC2715959107fe0404B27f34Fea2FeE8639510472,80
0xe9fC8D24063e4fC60863E59CF7d355A9f446Df9A,80
0xa0df1a70fe8b4fb1bdf0fdf427baffc262eceb63,80
0x7b0F527B635552786b242F50Ed8A3C7F0C07d501,80
0x7c537bFf08592CD2318C23707752FFC59B1E3098,80
0x2E65dF0a25373E925e48A3fA5a002c5874706935,80
0x3908CD6C9d1B7fc56470Bf7d1acDaCD0542a3b8C,80
0x95D986346Ba44Bb5dBEbb5455Ad5A7278497855a,80
0x7114FDDF2F16A737726267990CCD9937f1d03e9D,80
0x35C2673fc98321699485Fe082a825EA37dea0A6E,80
0x68f75c092908555e528D34af325C5800bc5aC9BB,80
0x36eb8433E88B61719373332e6F72F23Ce722AE2A,80
0x16c5E6d8292Ff791832e74fB14f132c15b7EAeF2,80
0x25cbDeccFBC3b4D8e094778bdC77C77382eA8b3e,80
0x4e13Bb9772cCC0e8c5bBB14CC3d8c0b539f3D79E,80
0x19C2F2c2830729821adCc21a940F3807Af5CDde9,80
0xa75F9C8246f7269279bE4c969e7Bc6Eb619cC204,80
0x18eB4632C084DEc352d80E333Ff96B8F62D17498,80
0x1b69E2A191fD73029130Bef5eF0A1aE698F28E8D,80
0x5AbBE6d3379C4380a1D6BF5A7ea4dD388FfB4Aaf,80
0x8Cd66dD6bb5752E77ae0852D0601e8e1869622d8,80
0x58DD98913044Bfabbc9D348186d2EB3089303Db8,80
0x4c9dBcCf2d089adCA283b628489816c9Acf810c4,80
0xfDF76458F9166B328d42f15f42a7bC5dF02A821A,80
0x6686f8B2B819A1B1E4a34FB7A1d8e5fe993B6692,80
0xABa94AC47F093c2B72f4276231CeF93Ef452F0c0,80
0xDf3f1E268BE5C403622813aa97B9938b62031AC9,80
0x1a6379B6f7D7a8787EA05E3e3f7C8504c37A8757,80
