Index,Wallet,Amount (HE)
1,0x000f8F895818574C6aA675D6EE6F77B23835Ea4E,15
2,0x00f9a912D3A0408Ed49A1391c7E2FC0DC85bf114,15
3,0x01117b00a2B4a9B9D42BFABe5490Aa577738aCf7,15
4,0x0158dDAc3390fC121511f11dfb252564fc323E0D,15
5,0x01651036468c847f5F97e2B9ebD3E203e3593F94,15
6,0x01CFBa9Bf3C7568eF1538F2526A816755A08C8DD,15
7,0x0284224755e3b081e5748432fD04034E57786Dd1,15
8,0x02A591c6540E97a46cf669113babe4a45134108E,15
9,0x02c025F440aC2a054AbbE6547a17DB4618a860dd,15
10,0x02c440FDCd628D697DBb24C6603253C7EfA0702E,15
11,0x03229B3219EB3A5a11110283926E0abCCA37919E,15
12,0x0366122FbcD9A7D1bEF4FF7DbDC5C8773bF4A9c6,15
13,0x03796A2fc5A8f237384C431e0777dEc41F7504E7,15
14,0x0389F5337a6A984Fc05Da28B40DC51aD091c5925,15
15,0x039c7320956110b7E9E350D382a354D6aCe8d2C0,15
16,0x03B345BD183b6c21d509C3F14CFF5d243F96E43c,15
17,0x0484FEa5D1E57B6f0cC80B7ab2d27B352138d63E,15
18,0x04a4aD56A2D448E6E3880fA1c2D5859cefb80e0c,15
19,0x04Ba2929812E47414611C6d2208C10F9C7381e03,15
20,0x04f7AE1AA2eDCbCC34E10aD0d4f1B0Ffa304a2f4,15
21,0x050912f8d9713584d6941d75BFfDa6C762B19C07,15
22,0x0553012ADaA91AFE5E14da46a306F3f3dA92f002,15
23,0x0614473c6943Fa020B3e8dE3F96c24614E64Ecb5,15
24,0x0640B8Fc19222032baFBf7f28ab8F0d3382AF1ee,15
25,0x068EFaCEe2170433E4416EB391c11Ea85f6d5034,15
26,0x069badA13564fe6BcA4cB97d93F9E0AaAB237e8E,15
27,0x06B7e8e22a22871Bfde22C86367F2EdcBE922964,15
28,0x07616edc98f3c6e4948E1e3e85BDAcBaf11e20b0,15
29,0x077D835BA2Ce0F8cADe586935C59CE9b52a61771,15
30,0x07D4988f0D734CD7888173283e3a12B3e2735439,15
31,0x07eCE947739B8c7ccEDEC8dC05766a2A671d886c,15
32,0x0875265D8F2A51d82B4138b904195e73A9F805bd,15
33,0x08A749d3196d4E537276DcA6972eAF7d9e9b10BD,15
34,0x08CeD7A40aBa773d2511A5f68a0F10B2A01fB64c,15
35,0x0909726D6905Ae79635168ecb8D31bd189164078,15
36,0x095d5eBe226d35bAeBC085d9982c0Fcb9c9BaA1C,15
37,0x0A5C186f863F53c869D7b4cc66F3bf111869f2A4,15
38,0x0B0f4E08B27E78F58e9d28Ab0aC5aD0a59341660,15
39,0x0b8918e9ed21d6E10d5899052205c14a85F7e637,15
40,0x0B9A3E108216ef93C9817301BB218f0AB0F2A099,15
41,0x0be411F35fBbD988Dc3d3696aA8eFcC08C71014D,15
42,0x0C043F94dd5165bfde168628E7Ea35E8221F4707,15
43,0x0c06b74a5901683d99A6Ec95347f94E29210296d,15
44,0x0c0f593Fb46f12104Ed33eD478d0DF10826f398A,15
45,0x0C336Cf139215Ae8F63F39576BE465A4B231a439,15
46,0x0ca04ddF5A7534b7FFF9552abB7566B4EBAb09d9,15
47,0x0cA729481c61Bbb57CaFe02fc894F4B19e399f93,15
48,0x0CB167E717bF87D20429662787C4B38352a0EE75,15
49,0x0D1db4bD9818b2363F4471DF7cBDc027ad3B9148,15
50,0x0d7e02f95691683dF7fe6f7a5A280EF188d266d4,15
51,0x0D849216e11882cFCbFe407BBe86B8bEF7668fdd,15
52,0x0D852A4476D49531a1febFF6c40804215aE95B47,15
53,0x0DfEebEfE49fF3D86A74C01EcE7c5Fcc46F243a3,15
54,0x0DfF691788aC146e46ec7C863Ea8C7718F4FA37F,15
55,0x0e25DB9225D1a04A0F62d69d231c1F0E35FF4EcC,15
56,0x0eba8a4e206FB4A1791E2Ae0F874a96659747C52,15
57,0x0F63b2767224b070C04830578cd9efA24BFE8098,15
58,0x0F8183Bda3b76DD37286ef8e7B9c93735302e5b7,15
59,0x0F99834bBD3Fb87A88d603c959A9E7E7C11D9267,15
60,0x10426f88eB19Bc5C4219A6e5d779e760b170cD5C,15
61,0x1071a56413701b104f35fCD0a94822457e512114,15
62,0x10d2f7c0D8B7Eabc59314c614E7881B98892F8C1,15
63,0x11169B0d874765ac68d99FbfC5fAf22367F68C95,15
64,0x11Ba708363b7A1EB2a9b3895596a5C79E2b671fB,15
65,0x11e94ef52abFb43A44C65D3ead509aC19396bAda,15
66,0x121f886Ef76e3b6b5ee1f935E81ceB4B57fE9380,15
67,0x1269Ea2b0C30060d898ed282bD1b8F5d4AC6ea16,15
68,0x127330e00319eB95C9bc4931DA09cE23B3B08dDC,15
69,0x127D1Cdaa07286D97710946D7F409fdEb35F5d36,15
70,0x129F747E5A4644CF0Abfc396b85636dEe87E2C39,15
71,0x12Cd8e6e5158a4C57E017F665520A226b8eFA7d4,15
72,0x12d7A2B233Cbe3A799A268b9dCa1D5bD050d67B4,15
73,0x12e1aE193113a5e4831F80b57b52da16BA13C3d9,15
74,0x1338161400e0E2462c0E4113ff6a8aDa1b7e00ce,15
75,0x13508b09186469Fe351D418c1DFBfcdBffA2A858,15
76,0x139484C7dC356D8E5FbF73217F0f492E00ca7A9f,15
77,0x13Af7a4F0489a61Ee82A8DED3eAeB277ed93C9D2,15
78,0x140C563aaB52bFEA66F5e3AecfA87d86E718466A,15
79,0x14750d2B5f32d2Dcc960854864433a80510c68fC,15
80,0x149b6654a4E70578d08A9d05986816359a8A2306,15
81,0x149C284a0238bc804769115a008a600ba68ad7Fa,15
82,0x14a84e92e6FAe04e5b66fBf5A99ab02154335bE8,15
83,0x14DBb1Ac3A2B272FadDd18E30185c96083104979,15
84,0x153B7e784705422e8675A5317a2fE2C34A41aA5e,15
85,0x15DeeA87BB25674bf721F4A0E582e715770e1ba9,15
86,0x162BD9781B61A0fA5Ef7B495745596b7484D6879,15
87,0x16437c5C8ce0b05336a0979eC8eDF13698176259,15
88,0x1682db78a752c660B31bc185EF0C4E221Bb93f36,15
89,0x169C0206c2f109b05243Ffbe362C95998DF1631E,15
90,0x16aFa5A57d5F676520D2ce34d78d18EdD2633EBe,15
91,0x16bb219cfE765Cb01Ce9706c1F87EE5C9d4bbfba,15
92,0x16BF6418E81594be0DeA9c91644e7ad39e4b45Ff,15
93,0x174e98e0A602C822d62672749Cf88e0A24ae9cD8,15
94,0x175FDA0d999177DcD7d586892eeE84bC6813843a,15
95,0x17785CC04870cA34B41531A06FE12b8c8adE9053,15
96,0x17f725753856af9b388b6b0BE6292d421Cc3DAfF,15
97,0x1818699c0FD905d11821712485B9d53c61653cF0,15
98,0x1818894805003A48458C481adc26Da635D08a7F1,15
99,0x18a6c76cE11801409d57bDA450Be9E6722Eb1909,15
100,0x18c611AeCf896850827c81A4F7871d22dfAD8F60,15
101,0x191447fAB0c5736380774CE5197e9Ccda7e835A2,15
102,0x1952F290d23D447ee453C511434214a1239b28Ea,15
103,0x197a2f328E5cB25F6CB5b48dF24abd990A6016C3,15
104,0x19E898Da4E0A37C45073714846C836531700fB14,15
105,0x1A18Ac89df8a6Ed54c497c46467d631f048D9753,15
106,0x1a2d23333772Def0a05d7897d76D83381963FF42,15
107,0x1AC3190d8b8e02Bb1a731Faa0762185Ac7C36405,15
108,0x1aC54ae7d8fca6E07605692813C003F0531bd99B,15
109,0x1b0057e914cD5ccA2306ddB4d6886eBAf344E9FF,15
110,0x1ba2406d061b61671aE36015C1749D57a18Dc2dc,15
111,0x1C1Ab198C077c38c92e5a02f14415989D543f00d,15
112,0x1C29DCeeB21912777F6d688952E44559A9430846,15
113,0x1c47C8a43ba39817dFc5aE223C9D04ceE88A795E,15
114,0x1ca96865FCC347c612F013F3c26e5c8612F22dEE,15
115,0x1Cfab09C596CCA1DB5975181BAe57E68D8C573a3,15
116,0x1D39f29BF06865FB8c566896D0DdC4f71b5Ff89E,15
117,0x1DA2594f3f8512F850Cb45F86dC243274E7b16E5,15
118,0x1dAdF999cF7af18292082F5CA381242b57264cde,15
119,0x1dAf4140d65c1A76dFDa9C8637bb27de48630d56,15
120,0x1E15b5cC4300734694979E2A2Aae44F431030946,15
121,0x1e4719F7536cc0FB7a245aAF3c8c2dDffa2552b3,15
122,0x1eB1037030F73bb083cFC8b244dE2ECF42C8721b,15
123,0x1eC6b1EC1064E388ffe90D1ac779d280620FeD35,15
124,0x1F1e984B3091be9279069EbBD4bfBF2715c589fe,15
125,0x1F455f60D830Db59716EDAE884cb2fb3e29f772c,15
126,0x1f6204Ee5131EaAFC11c5c4FB25dF6D24892bdA6,15
127,0x1f9c99D9A9a167726009223FbD74FAe9E4d9AA1C,15
128,0x1fF2480a35AdF7d6275706E926910e6D512c4BFA,15
129,0x200b8b8D480A7BFff0006299C7Cf864e12ADdCE3,15
130,0x200f22CE3198c7d688267f2cC96cCb8A25467E3D,15
131,0x20aB14b8f98c12632e2ff4a60a4cbE698af0c483,15
132,0x20Be0401F4a7E8398b5c3D132de43149BBAdCc19,15
133,0x21679e7F59Bab407F204ADa9b8C0BA9B59183379,15
134,0x218A78f573B964c3aB28babf8517Fc7ce964c3F8,15
135,0x232652ac78dbf94F9BBdDeF09fDF8Ae6F7Be4eaE,15
136,0x23AdB63668CE3070d53Fe72DCd6cF15AB6D471F2,15
137,0x23E6EBbE307F79e1169ED951c9F9a2d8E6259673,15
138,0x244C9E2Bfbd82E582670c8583db131222A90A24a,15
139,0x24D20F4E413d54Fc5F78b381EE09fbeea1e19A0b,15
140,0x24F6165203c1217C556Cf10cbF4a39053D4D5dBA,15
141,0x25362d93fA7b595Ed921Bd622765C219b9558096,15
142,0x25E965ecCBD753E779807320F4f5971a2F473A3F,15
143,0x25f3D4dC6F47601902b375d29dC2A610584586E6,15
144,0x25FCFd093084D9e38ad28D46caF9b87Ed00808ef,15
145,0x26141DCA5e6B97236452593839e7F3287bBC6E39,15
146,0x2657fDFa79771c54E3C9C0e87c1e39313b545af8,15
147,0x267620528b2c86eF7BE2c5BaeC06a8949905f7E2,15
148,0x26a0142507B550442B448aD1D3C2a2DCd0FA3174,15
149,0x26C46d98547644E3b165d1dbf72d64f929906867,15
150,0x27047071633395fdcd0543c7259e18366b3cacab,15
151,0x2742881c727260F7bDf440F2a8AE772251cbB407,15
152,0x274E0ee4f7851e82BFe75991Eb9e64dE057B15b4,15
153,0x277D7F5650D3B91b7c1D17EdECbAAA0D15bE8ED4,15
154,0x27D9Ac294fA1889A0fb32B4e1FD10Efa3645B56a,15
155,0x27E586860d0A3B7f43df375F3A551D8d59603DdE,15
156,0x28b78d5b79cB5660DF7d14f83684EEd646C5671E,15
157,0x28dEeAc8f6F416eBC60CfB4643123cA8687200e5,15
158,0x294c8ACB54228c9F38cc6Ae61BAd69B4d2DB749c,15
159,0x29816A545717e5CCFc90C5Cb19aE98A01aCBbEFC,15
160,0x29A44C4FC286abd2548A1C66c9CA30c40aac32de,15
161,0x29c1F1B2a62404ca4AFA2549B971B45A4f078cAc,15
162,0x2A0Bdf14347EA1B40f06E371EF437B0c07C93c16,15
163,0x2A4C1ed6D0CE70E221046d498CdD31241ddc400c,15
164,0x2a5A95FD92654E9ebB0957e4E8d21d9425466b08,15
165,0x2a7ae10865b8E69eb750Dabb2D503ec399346893,15
166,0x2AA4AA315ef90E8f9dD1fcB0700f0e9567c463C8,15
167,0x2Aa9b80e5E4d4Cf2338b201B94a6159BEeC04915,15
168,0x2abc9372ddC0190A6d8db1009703990ce8419E67,15
169,0x2AEaf24e2AA493Bcb4C8b8f5fB1f89962A87D70A,15
170,0x2Bfd6E9efc84752f24A9EB81B842263eAee1790c,15
171,0x2C0418C6f85de3dD9cEC4741918eAF100268e34C,15
172,0x2c3CE302fBE5aE95E3B558De7Ef4d7550e73C629,15
173,0x2c881093C89626060eF7cB36F324B48Ca53C1192,15
174,0x2D1A83f8db0C8820A1d7b17D56BE4681497D3F67,15
175,0x2D2c669F661C35ac4626131F03480C9c01766A00,15
176,0x2d7F081DCD5Ca3B677AC57a91fb40531d56c517E,15
177,0x2dB8A8184BB49A964d69c3b24091D83d2eED75aC,15
178,0x2DBB9A6b57066FD5eC7C82A55fe539878385774a.,15
179,0x2dbc52512774DD7c8888f2CfDaB346080909A387,15
180,0x2E13580a21Fd7fEd9BAB89761A637dd63245a4D5,15
181,0x2E4e3049e690D115aEc8dE34fc47fde67041c6C5,15
182,0x2f154aa4Ea2f062bc3a6EC1f0865a37fBc733FD1,15
183,0x2F23158efc11c579d2bD5b479b84DC5DA1807da5,15
184,0x2fAaE1E288Fb027eAaE351F8B407Fd2fabf7f48E,15
185,0x2FEEB37D0Ac8F777E52660e84a78BC84F74a4E02,15
186,0x308763299FD9C4E92682F6514a02f0a052143AE8,15
187,0x309F3B2aa816D9a31b00Cfd7371e452D6A889A5D,15
188,0x31028d3Ab826Ca4b421EdFb54092Dd6FE1Ac7f84,15
189,0x3115fF7a02185ec08376ba37503764Ed15715eDF,15
190,0x315363Eae8b7E10deF6F3B1087142510bF51db94,15
191,0x32117DEda66992baFa220cA6d42F98f3f09ee980,15
192,0x32494915784adAa12319137ba855D3AD36bd769c,15
193,0x324C254dA93E9502Bb4Da2B4cFB77760a08255c4,15
194,0x32631b21180b98D9fdbc67020f646477C04A72B3,15
195,0x333A297B1AA614775CE511029009Bc8b52561c59,15
196,0x33644b75902e6563d9ea1A8D50eB5DEC8974c3f6,15
197,0x339858A776bb65f4f4F12D5aB8aA40EB3447cB2e,15
198,0x33e176869F9C3054244dFD152CaFA91bb612cDAe,15
199,0x3427B431Ca793BCCe2C49BA5749A8022Ba4397e2,15
200,0x34d873f5f9266Ee8B49Dbb392E4744718EaA2483,15
201,0x352F3Fc3C00d46867bB85F081FafB63BaB3B00bf,15
202,0x352f76Abb273d59bcB35C8Dbf9FB8D66760A88B8,15
203,0x35411B63B8666Cd18D0b3f16666D0D7521453D43,15
204,0x35478edB272601a239EDcFd84a45A2a6A3Df048f,15
205,0x358fd8e5Ee0964D68a097Bffa61612D112730Ddb,15
206,0x35914cCAAd82f59e0f4ee3E3e10Ecc4Bf9FBE1Cf,15
207,0x35A291430977073b1496eDAe3fa10298D313F85D,15
208,0x365C8A9605e94A78982015dfD314bA9F1957ddF0,15
209,0x36f944778b33Fe2e1eA6739b711127DBd5c1C64C,15
210,0x372D91735dB68580DEaEA15BeFf6B8aa7619fC10,15
211,0x379331f966a9FC9628ad0BA296Fc3bc45b9dCa2A,15
212,0x380C4d3f365cC8ae3048A60a70c261d4dd6D2C19,15
213,0x38210a4A3A5beE08e47241e615fdbC58BAa1a0eA,15
214,0x3862cA8ebAaAAb26dCA2EdF7b5e46217f35e8Ce3,15
215,0x388cdeEA5468F547F61190A0dd09Deb6716e5cAb,15
216,0x3989c43507bB11c0db0685A67F6515623db6b150,15
217,0x3A0534113602aA967869d77f58544536ad1Cee7d,15
218,0x3AC0B745264129B54bd899C5c941e2546F7Bfd91,15
219,0x3adB560602238aa4193f4b23305cF6e0270D307B,15
220,0x3aE80c4FF0F1Dda44d22400457a8a3a816Fdae62,15
221,0x3b5c5a64ec98ADE352De118f7B9ef5b0B24a97E0,15
222,0x3B60F1dCECE4CDD2d6C00087df529184f6F159d4,15
223,0x3b7fD629D2c786dbeb31e95922Ef4bd2504cE113,15
224,0x3B8eA40fAd82Dd5Af0f0FFd6EEa26B101F364C63,15
225,0x3b9b4EecA65f2840Ed41DAaD73972790395E3B28,15
226,0x3C5a7AF36f36d2E057b6127CdF0fc48E0cB3016F,15
227,0x3c632511b92AC27e6C789ea034F130A4F8Aa9f14,15
228,0x3D16103c750Cd3A8a9E8222323c17EC2CE1b8566,15
229,0x3D3010CE5C934f4425c4F57D809b7c30E28B2222,15
230,0x3d320D34f8703a38cDa656b2d25485903db8e745,15
231,0x3D4B61d7c825E0E8983B822eFe10730510425C3a,15
232,0x3daa8B503F86670c4F0e0025318db7cC1aC0d6c6,15
233,0x3Df0618242cfa6791A6D723D98ebe1Acc1e2B0aD,15
234,0x3E748E49b2f9e3916B6532c1c3e3cA538ffd9C5b,15
235,0x3e903D7336754A55994b4aA96c676f4a36c3F63e,15
236,0x3EEcFFd77a766e97E901E7BBAB4C2ce2d54c529F,15
237,0x3F0f29ad02653A4dB1a4B5d571dc5781c6341150,15
238,0x3F77B9Da92E76B6e6E65564e4A5606ec58E5B3E7,15
239,0x3f7B343f6D599E4e1e8445D6C31B45Dd5b1563Ed,15
240,0x3f91225dBf2a12Ee9863E782F46c762aD12E0cce,15
241,0x4064C2374A30D2Beb63182265ab6eEFd661402Ad,15
242,0x407B31dbfB445863D085ec6A23DF80eE06d490Fe,15
243,0x40Cff8844FaF678F4637314D45b261fD6BB0532f,15
244,0x40d13d102e1B64DbB72fd1EEAeFB25b98E82B01c,15
245,0x40e766524993ceFB971339f97AD4C5E4a284976B,15
246,0x40feBdC2aF31A8483D088C69E2e00D33b4d272c4,15
247,0x41198D8BeB1a78d7DeDF23C92Da25FB9845939a9,15
248,0x417a53c3D2211aBD76d4BcF6347Ffbae9da6fed1,15
249,0x4194C1924Fa5E528596dafEC9D79BEC6F51B4aA4,15
250,0x4252A2eE2422BD2F6168b2556278884ee4E39Bb4,15
251,0x425ca0175E35EF172B59ca341A9e10d8F518837C,15
252,0x44321ECA0FA6c355eAFC08F4A971a7924a287163,15
253,0x4435f4c7C1DcaDbF4Bf49322027b9800b6C00e09,15
254,0x4457346ed6496d886659b4dacEB12DF0045c5438,15
255,0x446A3fd6bB5b6F09747c8C45D7B233eCBc955d18,15
256,0x451058B548cAd5FC6453080e19294395830F4A11,15
257,0x4512867655eB0bfe32A480cA9e81be2851981029,15
258,0x453199ABC13dE592afB66Dc6490D265b68b73c87,15
259,0x45872982Ff10c59bb3E0f98024Fff4A3474bda15,15
260,0x458993aa152116b712BeaF8C4477573a52D9e7fC,15
261,0x45D34026E1f5FE981FEfa930d540B5D7a765Be55,15
262,0x462C234d399a84F62e102Bc745FD93F649e36CfF,15
263,0x468c6dd28f7F500aB162CB649177fe62995adDAC,15
264,0x46fb52dE50CA3EDAFcbB452f15A7a94Ea97BE591,15
265,0x471906C27d7D766AebEE460365bA7a8C46283aFA,15
266,0x471B953a2185e3D5f5416B5FE744Fffc0891b89f,15
267,0x4736c8888dA8BD96c41D386157a1d15AF956d0e0,15
268,0x47e0dC859B2272bA5892203DA7377Ff21F1Bd124,15
269,0x481d629a508Cd63aA77463305Aa7d15f707d9Fd1,15
270,0x484822aFf1400a0593dcb14EfBc9446EF7a0650d,15
271,0x4848b4eEF9ffbd8B7d1aee41F6409E7872A9d0C9,15
272,0x4872881dBeb99289cEEA93bf6e924B7eACC76115,15
273,0x48AdA04c832A4fee8903aca381ca6c20C2134012,15
274,0x495d82fD9EcF2b7b4b40a1BAfe52e827093d0b5a,15
275,0x4971Bbf71792fA1dB2Fd7725a93277332DfBDE53,15
276,0x499De440577a61E013644023BA97398d3C9BeF3C,15
277,0x499e38D3bA3a53903010B009A1246074247c5331,15
278,0x49bA63189D5FEd5202c9558CfcEC4Ea637132637,15
279,0x4A18CD56f4AB6D66CCc24f5F3B232113F82bE5E2,15
280,0x4A27E33e80055aA9Dcc23E1F02AC981d92BE292E,15
281,0x4a457Cce700aE44168c4c51D8233f49202B474bD,15
282,0x4A8999d755972CC29e53185Eb5964cC96B404898,15
283,0x4a8A7B1519781a050746123f361BF2Cc3ba56935,15
284,0x4ADcF798437BC5d49B7b928B240477340FaCDd49,15
285,0x4b3a43796805c864e6aaecd2ab851952e4f93cec,15
286,0x4B6D49D2a7fC2E20e2120c629816Daf9B361e204,15
287,0x4B75c77e30b29B6210d34973c76c251cc2990B1E,15
288,0x4bE9B6F5392ec00E3deb8520Ff8B52026E5a6a78,15
289,0x4C0c2d2b281a9c9B96ee4c4A853FDBd52e14c309,15
290,0x4c11A4f0D722958aA84833731e75D04f4F1e25a9,15
291,0x4C5B694d622Ff593D56ecd60E4B887171C7B801D,15
292,0x4c7FFB7a66fB04E2c8A263720e4035006Cba1FfB,15
293,0x4c9003e184740D45Cc8B2a6576fCb94e394a79f5,15
294,0x4d7b9e4522E5aB41A778A38F292Cd109675BBA98,15
295,0x4d8ABDD6cf030fbeB0F1A62f2957ac8C07cd178d,15
296,0x4ddbC068D862d45BcD91A1cFC70A6C4DAb6e9786,15
297,0x4De7bbD59F39eF47F090A4d17Bfd0FFB6c34f871,15
298,0x4E0B21520eB59496fF22313E4ac6E262FFdc9042,15
299,0x4e29d4C5F3463A032b31Ce22b45045f468E96e3e,15
300,0x4e5d5E08f6A75c531A0e0Cc4C5F598AFE518D979,15
301,0x4e84C010B6849abcaf516CB594c2211Dd01982cC,15
302,0x4e979f4E0c366dBD48599a5f86916C4916280b30,15
303,0x4ed98E2Ec64af81b8fe8ed85d0315d10b8b4AEE8,15
304,0x4F6CA3E04FA97a18818546278b6994ec8d06f453,15
305,0x4FA53C5cC83b8E966D61b29922686b299836aE3a,15
306,0x4FB6778282f78a952759d2076046Ab95bab4f742,15
307,0x4fd55d708737c8D44D608634Dca24284B8B59dD5,15
308,0x5081da8C9a891fe4E95A4261305b37b9250f1600,15
309,0x5090701B7E64D43936cb1f8a37D1e20940e9551a,15
310,0x50Ce95f9599fC759dbe7b3028E12Ce9CCb75A470,15
311,0x50d039a6Fc852C2c3341828cB648a5d33acEf2f8,15
312,0x510C009A6D9afe1Eb6E58D475a87488F650E71f6,15
313,0x514Eb0FD687b4bF802902513cB25F16B55930EbA,15
314,0x515867F0CE95b78fFF5BBe4f7ebDc83256679A56,15
315,0x519e4Da301B59eAB7b5b17D7A9FE049Fb11a37a9,15
316,0x51d93180433b3fF3Dd29B41358b5f10216311399,15
317,0x521e807a998507cB1e2cEC4744A9d4bc3Bbea610,15
318,0x523e3855613bcB5805C5a02E04379648C61219d2,15
319,0x524c8a381C2ec13E502C895b1CEd5198dcA4Bf5D,15
320,0x525fA8B0cE76942c39243Ff8E81cb28f21bF5Ac6,15
321,0x526115478bd041FD6246836be1E159e73fC3dDb3,15
322,0x5267583eae430E0aC41567310587fFBDa4bF22E4,15
323,0x526c422f2831b0D246FF9d8eA96D2bee8f4859f6,15
324,0x52e461fb6E0E891ed99A2CebA9F5B77e4787fAF5,15
325,0x5346d21F0D5Fb32F1630ca0E468B09114E101528,15
326,0x53700210c3DF9b134E2fEd67467F4A3bE44a3fe9,15
327,0x547e44ec6E433a5e2DA0658a26fEFF9Cb3bee09c,15
328,0x548A9E9daB29442eB6E40Fcf8E4a87d9b29b03D1,15
329,0x548E4B9B7e37625a29C1A05259A022eD3A2f9b2E,15
330,0x54c5630500d08B6941A2e3951d501F21dBfA62f3,15
331,0x54cBa5C65aa4889175B5665F537b34EdC35ec313,15
332,0x54EAf882b24AdaA073E4B63D562cA205bD365eB3,15
333,0x54FdE5B476fa034a1e64ad6A95bCAf87C56cA2c0,15
334,0x550694790272c89018FD2f81c7074F25a0474beb,15
335,0x5550bC9F2fBa0605c93E4c9C034127cE0880436B,15
336,0x558f859D4F8b4b102ee30b8c252c3585b7382835,15
337,0x5595fCDc55f6416eB36F5619Ca667C1C45a53068,15
338,0x55B8aE803Ed56644D19f878DDe2D7200C31cC079,15
339,0x55c824092306ED6312dfB647Be49e8151498A5E2,15
340,0x5652F87066516d25c0DB5eD908ad21bAD3d157a7,15
341,0x56532f8987cB3381c160330915A50173b3A0B944,15
342,0x56a55a461b5a4731E9B0C28E8318936e9dB9f79F,15
343,0x56bEf0add354d7ed532bE0AA5f30Ba138F707125,15
344,0x577EB2a99C3D14d71EA5D69af8AB67e76Fd7C4F3,15
345,0x57F646A2bE335dF73a4d012EC0B573Be00bcD4E0,15
346,0x5866e7085aed130AB2e64Ec39B3A0A130B3b88ac,15
347,0x58988440CBb1E1e78fB6bF5A77DBa2CA322f44eD,15
348,0x58e1560E3c7E97C46329413D2280abA8D653C01A,15
349,0x5921826c50439b52A655374b45476262Dc9f03A6,15
350,0x594AF391EDB1402C4cCB07B305917BCb424Dc099,15
351,0x59A9f6c702A6f02ED9A5DBE1bc8DEa48b8674042,15
352,0x5A76637169B65a6299deD0d484F0b04394bE2c78,15
353,0x5a7721a162C66A430591ae96Ad90526C6EA05762,15
354,0x5aDB100085e0883efeAEE58955bE5b5D182e1E0b,15
355,0x5B4E7A0Cf57A0dAa922969CbD946c9BF4E3dfcd7,15
356,0x5B71099C2220f121D136a5aa632700BBE4FA7F18,15
357,0x5b9566e0078715F72BEB95C687C4ced9e3320335,15
358,0x5BCe52457F0090c3206f8A2027a01DFa30334078,15
359,0x5c18465D07900FCC46195a06C1d0e74896F6bBC3,15
360,0x5ce513E119499D57d549d655E4D79943698AE1DA,15
361,0x5D244Ba4557B377006E6cA718c527396D60797dA,15
362,0x5d34B9b85Cc20ceEA8C226dB7863618713A6CBBb,15
363,0x5D45F83F6156418adEB3CDbB0Db346623a53C3EB,15
364,0x5d4d1eE2D566085A96140Df1C97a848de80D747f,15
365,0x5dd195516480416B26Fe162B0d6Dd13B1eD576bB,15
366,0x5DD209399f5D63d4d818eDb3ABBE3A6eD1e1848B,15
367,0x5def8ffe9CEfdb6F01bDa73a6b1d38E6F55B8b65,15
368,0x5Df7A34ae30dBa54ee5d1C5949A1d6168CCffB07,15
369,0x5dfEf72B29DF6Bc8238D59867005147F7Be4AeCa,15
370,0x5E075877CD9F84C5C4EFf6b1E34d2a522E34bE16,15
371,0x5E7b584D707bAB7a3Cfe0Ce0c21E5E1dC8DD94a0,15
372,0x5e90A144BfcaCfE267480f9c6e676EE1ee38963b,15
373,0x5eb7559Fff913c08B3b3bFb17343687F883aFD9c,15
374,0x5EB9DF642d44bf33071D3468629601009cF163e9,15
375,0x5eb9EaB2dB186Bb9eDfB85Bd3519D5cA2B8Fb1d2,15
376,0x5F39c49e3146e444f2Bb4F06eaD86B37F050cAcb,15
377,0x5F4df2c3d5b7EB20f00bdB0AAebCF18E5a917aF5,15
378,0x5Fa522a488Ff504590786AF8d2cCBcee9135ed5C,15
379,0x5FD1079AD7a6254c8cFAA49d10e01d802946c123,15
380,0x5Fe5f18114a649DbF739cd127CD6B6e457D83E88,15
381,0x5Ff7f9cE980676890D5b29D036fA14D65388f84D,15
382,0x5fFf690a9a7171B912707188eA27F75094f9309E,15
383,0x603003D82B3eC9dB2AA76729f279Ca6078535970,15
384,0x61ABb29393705bBffc90da02d5E58f313f4907Be,15
385,0x61aDbE421319337762347f24f54C02509B3c4300,15
386,0x61FeEfA9df5ccEF5FAb81358B8d51C71eEEa361D,15
387,0x620f622DC5C21785788C0A4150D793a812E21c20,15
388,0x625209e886A34694BdcdB06CB7D12Ba3B7015626,15
389,0x6273e07bbF88390CF5C48D0a5172E543Ba57C2a9,15
390,0x62F174A3Df0dad5Cf6e3D2501aD8C7DF4F59972A,15
391,0x63Eb954ec8dCDe213379444680028b8CdF47095F,15
392,0x6517B3C316f42224D6a0F69Ab1229a8DF4349c79,15
393,0x6529078371Eade8AFD7B148c2F1bF454fA5f91E0,15
394,0x6559DE90ceD2647cF9bbFF6f3aBB77342719C6A3,15
395,0x65a3851BF94B53086a944F7bb24379335feDdB32,15
396,0x664E9109952896e709E7347EC0D6C4f79C2797B5,15
397,0x6655aBf4A8f4B18e48236c348458B4fcF240F7BC,15
398,0x66913AaB7e3e82079C71645F9434236395628CfB,15
399,0x671083d072Fe5F8A8AEcd532438efC325CC7ea49,15
400,0x67164883fDbf1b1d0127E87a620040d5B779D304,15
401,0x673040345E6Cc9385B4336E92B6bBA912c5461B6,15
402,0x6736efcd8CAc95dF16996ed4f555B79B0F597dC2,15
403,0x676ED549DAe7397bB5139741925fCB813b06d164,15
404,0x67850dB1806f1Dcdc345C839828E3b73BD73DBeF,15
405,0x6790b66626CE6dF6e82F628A976a0823eF1afB52,15
406,0x67C9d9f1f04FDAF13c536E9B11F1d83970A04F5C,15
407,0x67F54cF7ff3A664c19A944AF5e212597629Ad08f,15
408,0x6864708D6294832539942779f524aeB1bA89bdeE,15
409,0x68780De6477e12f2E07e13525348b30f23467ceb,15
410,0x68a63F9445Bd5012232E1D8fa17d9E8121baCCCC,15
411,0x69650589b793970885bD31a2d758823E8cDF627c,15
412,0x69b2Bfb19e5508618d7dB01764fc87EF8adcf4cB,15
413,0x69eAa7c709b3546E8389FB5536fAB36a9471129F,15
414,0x69Fe131a035567f38b9a062582a1AAaDb2c80B80,15
415,0x6a2Dde5A6cfA3961F9275896b38175A33050064F,15
416,0x6a2F1C787F8b17d481e510a1e17396eF88dFAf87,15
417,0x6a2F80C56725A92872aE4e3454FC7Bb8B7EC6a79,15
418,0x6A4426133c6cac4Ae5773884F216cd65a064B32a,15
419,0x6a9a88a62308F9d20A960cf67694723d9a43035A,15
420,0x6aA45342916483d3f015d363B6151f25dF735dD1,15
421,0x6aBbBF20878dA6416F67e7B50611C265F509ADb7,15
422,0x6B497D9864A6adB0e529bF9Da4C8F45c706F06fC,15
423,0x6b6CD274016dFdAD2cDb5439914980cA0E7FA036,15
424,0x6C078DDB02c5b3755eC08dBfF2194DBe04Fa20a9,15
425,0x6c23b4287073491AE688cC4cC2238E3ded17d384,15
426,0x6C4144ABF30E152bDa377b89bF61a9Dc729eD9fD,15
427,0x6c4aC175CA65738a6C8F6737cAfE2B126AFFB7CB,15
428,0x6C885Dec702F708FD9Ab29Bdae1BB7EFA65ee44B,15
429,0x6c8C6f9A00C8b5E03DCacE72Fda36A2Cc3E7E862,15
430,0x6d0cf94Ff126029bB12eEB9cfE36f069Ce925a93,15
431,0x6D2Ff65e25e94EaD8FCF08b612bBd768B13a53b9,15
432,0x6E2cc6304faA049Efd00660272a3E9cB09bBCFCB,15
433,0x6e87F1de7A46474d053282111A90D873107e2553,15
434,0x6E93Bb5055AC15d24EB5E143FFD7983e3076dcD9,15
435,0x70F659f4B418340Ba01f171D13Eb4E7452f124f1,15
436,0x71006FD406a56cF4A18498710ea6E10C6CA87D34,15
437,0x714c0D1Baea3Ee6915Efc595b9CcF30284B5BE63,15
438,0x716C65FBA9A9e924b79D19094C3b4864042e60b0,15
439,0x71E19774d18B23991843Ac75f324441Af2836d4C,15
440,0x722c2B980a803Ea8c6cCFadb7087954FfDDdf491,15
441,0x7241CF4193e6b82DAaF62176a609Ed8442c01BE4,15
442,0x7248814c3E44E3B6273a1980F48e6b030110b458,15
443,0x7259fA1902503F1D2E537c35165DC7c12675F724,15
444,0x72e8D9DDeEFBA2d43dFFFb8c54370DaC265882d9,15
445,0x73534D930842d91e23f3b5A78d384D60579ae62d,15
446,0x73657B626B81e8942637Ad22dCd0F3b601B7c5aF,15
447,0x74665B1d7654FfdBcaec9cED46756774413e6774,15
448,0x7470xAFA16Ee7A05a6f6932c24610Aa9184c3f4Cb,15
449,0x749fd9493912574E728762019BCe093195D632F1,15
450,0x74D6F17180b993C0eCb86E6f1148eAc15E7Daa7B,15
451,0x74dDdA5a9a1155bE15376A8A500B1390Be50f51c,15
452,0x753a66Aa07F83AA84A2951f34Eff9dbFd2Ca32A4,15
453,0x7540DA732768068459220284Ab44541A04c1c726,15
454,0x75543AE5faF3621E3C089Fffb2c8aFBd01Ccc104,15
455,0x7562d78195aaF0e6E5C6b16ba46587Ac758f2DfB,15
456,0x75c1f97d910c53fc9463c48e9783c655efdd7b30,15
457,0x76448909Fb124aC5FC80172F0ab438f36F90Fb07,15
458,0x767F70E1f470Ca55a02b056dBd35dcB32909eFBC,15
459,0x76960C26F958f64c2b3Cb62b08C519246119437C,15
460,0x769ebD6EE9264ACe412828100700A8F5448eD0F6,15
461,0x7774cFC3588B2f00880F3D90db8499C32Dbf384f,15
462,0x77C92bDb313A09a3284b3d25330bC4679A5A7C68,15
463,0x77EE9E9d67464b102535C0d6E40Af884e15b722e,15
464,0x77efeC2de2fe21E08F589AC632339bcBe303cBD2,15
465,0x784315096b0A8Ba9a24e1Fee4C296374cE271695,15
466,0x7856A637cf00fB330f1d57D68C05EA9424616541,15
467,0x7887D13c63102D48fa6061F969F1d906c0D858cd,15
468,0x78b9d8B05F823B1247d846dE8bd98BEd47D523C8,15
469,0x78edc7cBA389269d5929369b2bd83E9268904554,15
470,0x79741551C863d87bc3B483B964FE00B4348D3B72,15
471,0x7991654B9353bC130da6A30bF37Cd1f2ee096C93,15
472,0x79F2634052894F26b94bfa3EC9EfF6ED16Ce9363,15
473,0x79fE3AeFB89F2E0dc834B53278992dE83B004A36,15
474,0x7a6eDFfc78ACAcf15c37718BF54F27186cAFd7fF,15
475,0x7a93fC5D95927c707490900CF05E830E7EefabbF,15
476,0x7AA04c40DC38A0A71f353BFb945F5b21f6207953,15
477,0x7ab15d28e15230D97B9480856044bAa1427f9de9,15
478,0x7ABe558dfCC4Abb8fAfd88D61AF53e2573BF71E3,15
479,0x7aD3A7ae4C2fE67b2Bb72b9Cf67EE9f49Bb46c99,15
480,0x7b665D9635e7c13930504fF0400a8743Ca82ecdE,15
481,0x7C0130560346fdF7876A8308cc3AAEC76044F0DB,15
482,0x7c0cA44356a589BC5cBcA7e74Ad0fF380B361B33,15
483,0x7C1477C8AA0d0c594b0c5AF64a6328C2eF2F9084,15
484,0x7Cc7ED3f122F848eE6B38d77c54c0Da460b95685,15
485,0x7cf083Bbb88ad8197b7B450ca12f986D3a84131E,15
486,0x7cf2539aa555c093014db0ac9ee9278ce9262487,15
487,0x7d0c2019f21dfA60D198eb37ecCA6a2F07B606C2,15
488,0x7d75407A64A635D975255E1D878927930c5f7728,15
489,0x7d9b71e40d7197eA2BB8705F1b89C2EA4a3121D2,15
490,0x7e10fdf452089aF99b9De2C099eb3ea3Ec3731F4,15
491,0x7e23250Fa5775FaD680F74F116B1b29844AA617A,15
492,0x7E56a9A0abEe2d456ce77e2316c9435c078C07b4,15
493,0x7e919c9Fb2fFB2755a59528b46377D7630719BDE,15
494,0x7E93dcef2c8ceD00a167eABFeBB45c57cE2fC9DF,15
495,0x7eF0476BD967806B12c6E69Ecf429Fb3a782707f,15
496,0x7F6257Bf82ea5C8af511F59fe3fE5e63f1119302,15
497,0x7fb00ac860e88F17a52c3f692a309bf2F82D0518,15
498,0x7fc680EA3236Abe929cFbcE659fF4975cDe46c9E,15
499,0x8020fca77b0a91ccf7bae3fe3de0ae7f2f8baf4d,15
500,0x80592fb5d551028139D64531A8Fe5F8293F30E73,15
501,0x80D628C7fCecC44517BA0ccDdC5Ba0F6485680b5,15
502,0x8106DB4242CA526b520c1eD622Dfac88883AE21F,15
503,0x811Bf2BEBE24a0BFC6d182dFA093bCC2C667D792,15
504,0x81BD5E80c637a1eFb882a90A4C432905A20d7Cff,15
505,0x81f5D95562871f701eb2d10A8E511aEC5B1eCb33,15
506,0x820458f8D3b3213c69962Ab748Af5A64da3Eb3A0,15
507,0x823Eba7ee7F24b32e5825f735A02bb49e0B360c0,15
508,0x824737F53826c23C0Ac00f79C4Fb785b6AFbba01,15
509,0x8264cbD4dec9dc26576D348AFbFEEe58d7C5db80,15
510,0x82cca926BB34c84881655D78e1a422ed465E3802,15
511,0x82f7638DF5D80184A8F722296f7BE4C61483b6af,15
512,0x833D779D5EaCc3268A0a7A2FeFBacC6eeFcBF4f2,15
513,0x8364B4B6e6fE3ccd0988341F63C0F93A4B62971e,15
514,0x83B755b2d66E9749DEf5091a471A3B2a529B9044,15
515,0x83C0A01Ba30A5fAb7B800eb3612eD308944ebf5b,15
516,0x842f0A35aB8a8872DAa318F6e2C7a3de404bD304,15
517,0x844765F7984395bAF443FE2299bA4D9784db847e,15
518,0x844a9DaB0bfF059D2EdA5951Cc996941b2Dd9F33,15
519,0x844fa6470424513adfaae3ac8f0cc3ff35941a0a,15
520,0x8451BBCa7F9AA66F992e7B2F2089a8FF2CB8415D,15
521,0x84bdDb23C2d12590A0Bdc0a5782b8956a487Cc04,15
522,0x84d23b1936383bb5Aa222956090f7F52ac54C925,15
523,0x850C7b3d1FF023A41872A94e2E6F7bfA63F535a3,15
524,0x85339D8996C88d7B1da0a36C0D000e43335024f1,15
525,0x85357997BB29A19fFE971aEdaD115460D34a824B,15
526,0x85b1D4dAac79557d90C6a512ec4200a1cdc0B2a9,15
527,0x85c7703257ebf4c70E5ba656703329E14ED20972,15
528,0x860798ea8cCbf1E9ade6103050A5f6F6927Fe972,15
529,0x861FbB1A46B6714535BfD5064004245745a77a6A,15
530,0x8629679a6d233FE74a8BDECe25Ce47D71d7D7D5b,15
531,0x869CbDdA4fc022dfcbedf9A8a88649105Bf1C9d7,15
532,0x86C4bbD6C65Bd481220a39397b5893B97520375e,15
533,0x86d47B26cfb3967fF427fFAd4AC028A8Ddcc4529,15
534,0x873E6bdd543d99271A1794B3A3bd0734F921fC12,15
535,0x877444579532453050720cEd6a8A66C0c60B04C8,15
536,0x8789eA17E53781bC0E745ABF786173F6d63185A6,15
537,0x87F589B3325B1da03e428BBD237e486FaF481e50,15
538,0x87F6B02c558605Ca718498C4D5F9b7F171d2a347,15
539,0x881B085d9C9fF9b677aA73B0bB4a6Ef91ce5A965,15
540,0x88544E47d9eF8E20be25B45af02e0c5197DcCfc4,15
541,0x885d6A9B7533356Cf54D8f5137350D3d40C1d4bA,15
542,0x88f3255702f3414291A7634506495194fc2D4Dd1,15
543,0x891965AA1a52e9A129bDE7303fD7e6263884a4ee,15
544,0x892d386265D4f868730f21e0B5c11F7b9e56C010,15
545,0x893F3a39b34dcc76Bd8581935C6206a02F39d708,15
546,0x8a15fe0f225238fDCa92b5dF45F507EBb3c3835b,15
547,0x8A5c84ec585f3f404ef9eA137f848Af077EED407,15
548,0x8A7A7Eeff9571ae69E2371e72Df44A5ECB29a9C9,15
549,0x8A87b1D92c357d6CFbD87485944f362682a9bDcB,15
550,0x8aA13F82FF40447FcEb4f90E9cEC848BAF844a69,15
551,0x8aeE3381Ef5d89D181114ED57e8F04d59BB4a2C4,15
552,0x8BA8AdCcd4cD7Eb1f153D3316ff30747a2899d59,15
553,0x8C4c8547753c99EA803B981522053A6862720082,15
554,0x8CD8c077D0D8BE712465E429A4A5Cd60d833129F,15
555,0x8d1EC3908F23Bf47d0f2dE17405f74D1081Cc8a2,15
556,0x8d1f164Bb645ef8A73c6c16DdC89914dDDB66Bda,15
557,0x8d3393292892cfF3b4555E19cEe8F4d88C05feeB,15
558,0x8d66eB33071fA772521B884a1Df75597F18b5487,15
559,0x8dfB892A680B43f88cc6E2ff859cf3B25bf55252,15
560,0x8DfF4066CfFd05f8d91A14B08bb9f615B88Ac50A,15
561,0x8e2E6c0C60524e29Caa7ED1216751DE9C7b4E033,15
562,0x8E3315c0921474df7f44D10583d27D21C2b661D4,15
563,0x8e5b393722C7D7E88db37085aEE656078680962c,15
564,0x8eF72d4d9DA0aa20d31f8d7Ea6c4b0Bb796d005d,15
565,0x8F69DdA1386790704fd697A0b13737da6910058e,15
566,0x8f9F93b7dF0c830ABCfE810138eE165A951BC828,15
567,0x8Fe5f8c406d9b4503F57ba939A2dDD9037428a5c,15
568,0x8ffb45a7b24dA2857a77bd67F54AF5B2b344390c,15
569,0x9042Fa79f6709D22d30cfaEE7F9f1E2058CeAD63,15
570,0x9091af6dEd59C179b739f8D14dD1DdF542C08697,15
571,0x914E6d628a40CD56BB017048224626E34fe6694c,15
572,0x915909A08e405FadE06d54fBb56a5439324c43A9,15
573,0x9169fd7f0A82A2df43dF7766ceD7a89AF4b90F8a,15
574,0x91704Fa5877d5d145F97131F7BdeEE74906a9DEE,15
575,0x917EB5EA4F3D8C1e0bB85106C4Bd44a1650E489B,15
576,0x91CA3E39f10a25cc40B7f554734Ad822E3888888,15
577,0x91cE32545434d1e4BF93154c0ADB4Edff818FA1C,15
578,0x91d0761a333dFFD80645AF4AF1ffAacBb1590106,15
579,0x91d8c140a4aee1598FC9f3Ce91D06E0912bC3807,15
580,0x9278257b216Ca2476623c3C4eEA176b711D0B886,15
581,0x928eA8d7330EaB4e98C75823820F787c2fc53bb5,15
582,0x92A9b246108bF8825E29a3B66b44c47bBb5d5975,15
583,0x933d3Cc0320712AF7D8bCd4656Ebe5d8F0500e3b,15
584,0x934F703152eE8271f52B63c1996E08873EE7dC74,15
585,0x93Dcd7D6b1C9a9BC86A85BBa2e0AF10e3d40B650,15
586,0x93e10aC603758C146c65b6D999572C8949151402,15
587,0x951408A888628a190ca7602908A582F9D4cCbE76,15
588,0x953FDC6924D8895dEd0bED4Ec9ae6f75C065974f,15
589,0x95c1F71f11957FdAB5432DE59C5bA5CE33092530,15
590,0x96088E782b1087c4ca77366c64A6201336ADdeD1,15
591,0x965e9F52cAF4Ed12031F734f825B734641C1B635,15
592,0x9679037a3bbcd81690b838C37d3e4e4F4503263C,15
593,0x96DEE6861E2862C048de6F0eDAf4e0fcb0F647c6,15
594,0x96e4Aa51c15A98C54f4335Bbf0A998748a286628,15
595,0x96f03ec1FD4F7F0B5DbC391Dfd83fFfDb21B47B0,15
596,0x975b75154a82B40a4271f91dde5A80217849cf3D,15
597,0x977D7e58cDc07542cAA7C796034596CDA001f836,15
598,0x978093608c64969CaA18c4aD5A370d422d8d124D,15
599,0x9793071cD36B4AF351acd56A6e955b7ba59de2F5,15
600,0x98003c31db754fe58e161f8c8c4e8d3623637b0c,15
601,0x984cdcc75A6bb1c8B02F5e10E1c95d946C3b2f2d,15
602,0x9861bdab9C0C5A3Ab8C8a8ceE990c4fa686E0ccF,15
603,0x98666FA7Ef142Be8Ae31391d5f185C8d87F7A5eD,15
604,0x9880007b76231eEDa56db9f5a184047638a54D29,15
605,0x989493a611cCbcB4DAbdcd469AA763142CDC7691,15
606,0x98CEc171590EF2b04D2cAEEA159B9D98ef4F365d,15
607,0x98EbD38B9643F5F4C54d842e8E75e374a43834FB,15
608,0x99BcdE1288ac053217dDa4439e016Ea248ee8006,15
609,0x99DFF3d48A229540556cFCE054260602D1Cc43bD,15
610,0x9a47989ae5226ef721286F274a5Bea412C8c28B6,15
611,0x9aC066B15C2F9A3eAc5485c7ef5D9461820D89a6,15
612,0x9adB13E88adE891F80A74bd56c4E0fcd71eb0E3B,15
613,0x9adF8aC3888C091BB2C71222b396cea119135f25,15
614,0x9ae5c6B4E10A3F81CAb0f436ebeDC12FfeC37c43,15
615,0x9aFF5832D12D9062d6a948980046D91dB4151dFc,15
616,0x9B2F7Ad9CF58E971687bF332797Fcba55BD68154,15
617,0x9b7aF98E59EB6211a47fd3Adc2f1C18c961225dA,15
618,0x9BC5b91141da60F819D7fd70aBfc42E868d5b806,15
619,0x9Bd792B95a6Cd9Bc790a549A33C54315b3D7ee79,15
620,0x9C19334353444233110C51d4bC08C894ef7092c1,15
621,0x9c6e12012D2f8c823d45004775571b150502619B,15
622,0x9cE12C109867A636aec2d264C55aCFC7E16F75D9,15
623,0x9d103bF8f3DE4D82a1a2cB28427E0b95179ee4B5,15
624,0x9d50a3bFE108875A79B2a074bF44E7Edaf593880,15
625,0x9d91E32867dF09FF6EE4aef09649ff0Ad9C0Ed7E,15
626,0x9DA2f5f6570414810f3014DB167EE89837Cfbc29,15
627,0x9Da6Bdb2a1065CBc2A551D7F8588E9d19fcBCEA6,15
628,0x9E010ad9312d8E4ea01bBE7f29DcEAb41Af8ed88,15
629,0x9e053EA35cEc4d1f274127A799676F85B15be92c,15
630,0x9e34B221BA851a2F71FD09Bc0F619EbCE8135ee3,15
631,0x9e4fDcf6ef66f9b0e372b2D17f0926d9cE1Bb299,15
632,0x9EA2ea70E756Ffa1b9d46e0B20F24Ee7135A1e7f,15
633,0x9Eb35bD84AA369Dd3958714B1f66D4D1404c8648,15
634,0x9Ef7A98a5c1F1eE87A41E3471822041E67c8C5CB,15
635,0x9F4ABF56307aA81314498646d4d8BbB30003286C,15
636,0x9F655Afe2FA878Cc3842E39Ee77A659CAA0b52DA,15
637,0x9f785b6aFFfC8B73CB58c3A628a9c56Dd66bE1E3,15
638,0x9F81A0AFbEE4c49D59dF5155e0Ad53ae2e91260E,15
639,0x9f9ca0d311a97AbEBE556b973487A508868a4e8F,15
640,0x9FbA8C2531Ca798f2160Ebb1D53ae0Fcb63CdA80,15
641,0xa027d8d063237bAbFCcd82E0E9d4D97ff45b9321,15
642,0xA0a9FC355371083AEb5109aeD89F3fDA6D6387f3,15
643,0xA132e24aD2c791AAc348a96308B60ac86Dee090d,15
644,0xa2440A5c4846E6fea68709861f4132955522733c,15
645,0xA25E15bE5ce1960a674F89d4a4428Ad1711c1FB6,15
646,0xA271Bff7EC270cf3CB38E07e65325cFfAC7541be,15
647,0xa2a300d9677231e54F99bBbC2E0dfAB00D4FBC6B,15
648,0xa33B0bebC2e426e456bCF7A87FfdFB2c4eaE4Cd9,15
649,0xa3d27a2Dba89B5BAe251FF74525fEE7346fB2f86,15
650,0xa4E98ecD46042105cC0fb66f2AFEd39e2E7c0F1F,15
651,0xa4f3FF48B55e0295a724add9eb295804De8cCAB8,15
652,0xA508dC76F432Afe26f2f26311b48700C569A2eB9,15
653,0xA526EA481BfaaBf3D093D65ec5E11d8AfB2Cda50,15
654,0xa5a59ED1384363D9Bb140D075C41c4F190b8ff38,15
655,0xA5e2E16E58dA78b521b7EadAFb7eA503D01e89EF,15
656,0xA60e38A182f2Ee7a9a3851FE7B6970610a720dFa,15
657,0xA6B133935e4D9dE6A8C7a29F93D6dA400a365585,15
658,0xa783e17629d0c9526440E5fa5d840E57Aa9ad93f,15
659,0xa7eBc7F720C65017A7048169145C537487C51495,15
660,0xA7F27B8146285A813373e92955402ca438A5E6A0,15
661,0xa8319Aa80C6712534E840Cddc5222B05ae7a47bc,15
662,0xa83ff6C8f3812F644c8541642b6e33ffBB6c173C,15
663,0xa84D180B04C02117fa9077B5aB2f3177bed2fF93,15
664,0xA8BD1fdb12303673980243F8b8B09b6B1f4158Ae,15
665,0xa8cf010C8BDB98ceaD1B15C4696879Fda50Cc72C,15
666,0xa8F32B9E2C896BbB5B57296eDce02E48F6a6b1aa,15
667,0xA920e89B930e55c660608E99b55C6462a7e27C46,15
668,0xA97b4074b8ae064f1BB63e306337dDBb72a03656,15
669,0xa9c1d6abB473c0b88a4AEb2AbdA741727322EE37,15
670,0xAA39e5C6591C9fc8B022e3dbcb33fC173b7a17Ef,15
671,0xaAb69C8241CD01c2158aA39a9873D9D3A205bb7d,15
672,0xabF007896aFfBc3910067F19AAA7feEafCFc4815,15
673,0xAc09CF044F9900A6a3c0a0be27c8C19796251Ca3,15
674,0xac16130dC1E8Ebfc2A28eD9594F7a61dd10cCab5,15
675,0xAC4651DD6EcEfD8b4757Fe03D0C5C9A8d70e1c10,15
676,0xac603a94A2E120c6a6138e6f7C942fFE7e060d37,15
677,0xAc8Ab691E05aEf2bEbBA71877980c999295750bD,15
678,0xacd47e4358F56728f9Cef8B91B865Ff245EA77f2,15
679,0xAD1902b0fe88091364bf8BB1a2232bF550b0E184,15
680,0xAD41d73F908aD0e8C97D510108e6F5e42D0a9777,15
681,0xad56763c3768A8CEf0b34c1c46CB576dba45A5ed,15
682,0xaD5F4FF070f892aaF56660F06Bae11aDe6a35C29,15
683,0xADBEf00d0a63FA6692F792e626fa7c20159487B9,15
684,0xaE3ab1A7c06CEAb0CF14f1Cd08869a64b1E22909,15
685,0xaE443547c37Ff51F1df5611D2B18F4e84F4f92fD,15
686,0xAE4868cC2f8fB8021B24B4A1F7F62e855fcFDc87,15
687,0xae4aE443BC77E993Bc97d331c7d20Bc6bB1de26E,15
688,0xAe77d9e4af0950cd30fA0Fe1c318f049071C9718,15
689,0xAE8B56B8bD668876d108B4b81105abC557378c0b,15
690,0xAEB31562839E102986fDB7072eb7A44a51632a12,15
691,0xAeDf4cED0cEa1aDCe48aEBE90BbA3f0335313Ab6,15
692,0xAeE08E7569fbe86DAb7AF71912f5d2225197A798,15
693,0xAf58Ee3815f27F7Db3d8B7284b5c926A10aA0aD2,15
694,0xAf7235E42035ff84978c1Edeb43FF3d1e718E7A6,15
695,0xaFF0706630440E848E63ed26F0A6F23C536495a7,15
696,0xb007a4741c17e97C29f86Cc730CC0614b2b3321a,15
697,0xb09A37dD4D1d27f8b4b0237d3f5Eb86d4D9a04BC,15
698,0xb0F5aBeBdD24a8340d44EfC867b9fD47853FA554,15
699,0xb1629dA240dEf0f0Cdaa49b8a9e59C2c9C253EB0,15
700,0xB23035EaC84c624f2A087977cd874E6f5AE95DF2,15
701,0xb28902722f6c45621365644E8808246F71EF25A2,15
702,0xb28b2F5c332cc5696EB65aCd0f2D2Fc7e728A592,15
703,0xB2B9249408CFA9DF2aBc6c4542b37E5Ec57c5f4c,15
704,0xb33B138a9023AdF898B01ce510056D21DB7B369A,15
705,0xb372F260cfBB586815b7439C4Da5eF802357C023,15
706,0xB3D3982C44c262fD2074F9E91De74f78243fc24f,15
707,0xb3eeAff62e91DE9e55566E012d68bCbf0b331e60,15
708,0xb47dA89E8f325d31A1786cEF4D4aDf089F860865,15
709,0xB4A6Ba5e924FDD3E97c60Db293165dBdB5B87893,15
710,0xb4b2974537D48eFf33De197d763CB61AC4bd333e,15
711,0xb4e46f829990eF7EcEe259f4156D1f9c113D62D9,15
712,0xb51998D2C824A3e157F1edD8DB0721f5B3B4bc04,15
713,0xb53d6F4Af9a4F6D528af015946806Ae8a8A7Bd1a,15
714,0xb582BD6748ea758A9b8487C33D37ba424808085f,15
715,0xb6D02117205eF343fDA02e50a8cd19bf541ADf6f,15
716,0xb727EdCdA45e94bB622895ae7dbda3A9872d4721,15
717,0xB81CC6FefB7b6c8784df6eE323dc61236d7fBAe3,15
718,0xb8723f7658d6D581Ff0c0A83E0F131192F3D356A,15
719,0xb88dDCd94D448dA5B0B3EcBa23A2ae278ae5D658,15
720,0xB8fb868100C52e3Cb41132296241a892E50BCFF7,15
721,0xB93290e056bEBAE08A886873307e0C4A9b9d2C63,15
722,0xB96caa3Eeb6818A1F4820647b4d6790C83803c26,15
723,0xB97Aa7F1f86Bf76eB0A613401f8D26993A365e58,15
724,0xb9927593DcD32eB2C7C0ad2bb142B7d20DAEb4dc,15
725,0xb9d9d2D267cD9ce0aa31873b1a9E25dBd973d9b7,15
726,0xb9Db206EBDF5937b0Fd470Ab6b0AD984aB507eA2,15
727,0xB9e0400d8E26B6f965884aEb6b30F4666797a217,15
728,0xba2225c9eAbb2808f4C9618e16ecF046732799A0,15
729,0xBa378D79828Dc86aB884EF5209996cAb3324b336,15
730,0xba89dfdb4E88ab8B8632Cf3E34666E916340D32a,15
731,0xBAcd9015c2e8355EaE94A2D59e570B9E6B48f66C,15
732,0xBad5B87d93C5e573f650cd3B718Bd37379CBd455,15
733,0xBaF7580b741503907F8C187cA74F13A820e6B770,15
734,0xBB42f156775Ea0119914D367CD550a12aED87393,15
735,0xBb8b9A94f1B513521645E540FD8180FE9622d682,15
736,0xbbC77F66A9acAA0dB685458DBb40c64d6EBA58cd,15
737,0xBBD2aC2E2F5b9004d47f636e5D6bf7c760Dc99A7,15
738,0xbc92Af111a2b43d2aE8E2fD284b492F0FfaFa292,15
739,0xBCC294367d12755b29cB55552E96226b0792Dd69,15
740,0xBcC3382fadb8297e02AeD5EeBD7Ec80D2487C802,15
741,0xbCcC045F17395Cb1B15756D5DCc9D1FB1284B80c,15
742,0xBD043648906C60C48Af2924d9cDe056C303D0385,15
743,0xbD1f02Dec20d91440B2Ea8A9D1FBaABAF9D9Aaf9,15
744,0xBd31e112AD9008cA482F997AA2e1561aAD53a49b,15
745,0xBe2d1C331160A41901251055b5337456C4e8aD08,15
746,0xbE71EF73E3a1a0589DF4799877b6Ac3aDF4f702b,15
747,0xBEdE692419D088CDE85141486c295D092f3CC290,15
748,0xBEE089cFa347E4FAF57c0b0F98aB81A6343b9bee,15
749,0xBFbdF2f219e55521622a4EC201D9AF086D546fC2,15
750,0xBfF753aDeddb55bd08c6b46CF494a7a61E24b749,15
751,0xC063BB2ed27d82cd56bF98822FD3e934d75F90c1,15
752,0xC066E77df8C4a5E9E98Ee68fBA07e1Fd8FAc8c70,15
753,0xC08ce10e44ce6a13BC4E072b64bb1ba5b0e75E49,15
754,0xC09f449ba92FF53bf0aED6d0fe2555C7A195D0A9,15
755,0xC0C2868b8F30b111DC747fA72D5246386afE92cB,15
756,0xc10EBaB6b3C5296525cDEaE37b7F9bd5A4A8e075,15
757,0xC195e8FeCEf945a9f80C014311742f497755FA08,15
758,0xC2484293dDbD28dA7110151Be58a907Ff040E9fb,15
759,0xc28ad65De486C88A5fEAcd0eA31068D55df34bCa,15
760,0xC2ce344f9E8e4D628018c8d808dA6BFCa6141B48,15
761,0xC2d0e86547a9b229bDaa802003Fb64eD8851DA25,15
762,0xC2D5ef16927B7e13aa6fe906BaE50B35f35a5b7A,15
763,0xC33B750473AF287D1f0C9F5cfD64d27361387323,15
764,0xC35E51a6D63381f77D6699eDCCd0162baf672304,15
765,0xC3d0Ad82eD05d023f73f90fb136e7b36b5362807,15
766,0xc4B5F0999c03213f0310B6ef89fF9Ee7f0Fe5676,15
767,0xc532874F83bb76b5D722C566858850aDEF60C43e,15
768,0xC54eD89BF5A23a0B72A9e98fdf70b58d1931b17A,15
769,0xC62E80a1af2eC193AdE9BbfeA3b846005fbcd87e,15
770,0xc64ad6Ab2cea75887D9CFCd8073814DC4832d7eC,15
771,0xc6610c5129d2E559c8e4D0356F0EB1Ce2e98c301,15
772,0xc684E41fe2E9d3E4ea2751300f5156Af344221be,15
773,0xC7b5Fd14f77Bd74fF19E104AE261dFB817F651df,15
774,0xc7e7806E5D409Dd19e12067810ea5196d07CC9eD,15
775,0xC7Ed4a86CdDB9cc787627312F63996f4dDB1E5a1,15
776,0xC7eF9d4D933580c80Dc539efD72c67B38f1D8E1a,15
777,0xC8163E36B4AE8885347c2621eeca527F70D81ADB,15
778,0xC8221Bef1e749b4f3C2Ed0a9f306a0751cb37796,15
779,0xc85ffDA556AF083740849c982d52Be40A3806d48,15
780,0xc883a65307DB859e741e52B38dAf920a39cb4cAA,15
781,0xC8CFe04EE3eFA59Fa4544553C012AECd19339f8C,15
782,0xc984A9EAc15fEE46Fd214e63027E94862a8aB9a0,15
783,0xC9c13891BFff8719B185Bd9A65E71042774ae18c,15
784,0xcA18FAE912B594908fC4F12288f39eC966Ab6891,15
785,0xCA9D0B9Cb055Dcc5688EBA48be9506Cb2006cc48,15
786,0xcac6FFECd8d9c13dfF8bf54b475634d08033667e,15
787,0xCbA20796B1d7BA6712172f5B4a383eFDC2EBDd9D,15
788,0xcbCFb52F46661d98Eb11c3feEcd11a3964395f70,15
789,0xCBD47f15Ea391d9FbE6B222d03A1D734f5841360,15
790,0xCC01d931a9879c5C80D3C68BF23Ddc0C8E4bB06A,15
791,0xcc3a9B0Ad85Bc8aB5085Dd0E2a4595D268888888,15
792,0xCC592a557cca4e42944Db73eF7C3FA48e3F7F3d1,15
793,0xCCBCE148f3f326F0DdD9F79b10adAA249d4CB284,15
794,0xCCd3B288610f8D4CC34602478F0B9aAac0Bb5976,15
795,0xCcdB1f38E996c6a025a2eBb7205893644EbbA8d1,15
796,0xcCDc8d03718B192C6076Cdd37e254Bf4C71D934A,15
797,0xcd4ca4e6a035FDB03dc085e5225960F347603ad1,15
798,0xCd5a6e35486Cfb21A3D89023fcA5890bEcf7002f,15
799,0xCe10693568399eBA4867454Bff51e929CEcd270b,15
800,0xCe3413aDfceAC5406d6a82F91A9Bb67E98563338,15
801,0xcE7092c99491e9B72962BCc30caD61DFf43E657B,15
802,0xCE8DBA8778F97684dF0fAF9AA23A80813891E2fB,15
803,0xcEBFC1a51d438F738d72c8FD8D9a94628cACC406,15
804,0xcf0538b5C44cc6D5c9462617aB67857015e3abCE,15
805,0xcf587bc4e5Ba03b6b88B51f7a75B5981FeF0B320,15
806,0xcF79df0593a552D36421939718459b7633bf4F77,15
807,0xcF8C23C94f5D69Cc00D9312370Df3001084714BC,15
808,0xcFbf60c35d8eAe97DCaBC306fC859d6C38BAfC28,15
809,0xd00fa1d7e4d1139ed808606589386c88117c48d8,15
810,0xd0141Bfc009157059546aDc577b9F9D9aBffbf7A,15
811,0xD0945D64674284265b63507a1Fc212fAd0E8FDb8,15
812,0xD0a4cc69977E6EeE2E80B8395325AF4FE6aDa385,15
813,0xD0C8a69882A6e66e54809d7495D43606868429d0,15
814,0xd0f94e751715521453C79fb79ec3cbC44a5450b2,15
815,0xD0Fa8BF470e4D39F29341957d2fd2cC8E7FfaD56,15
816,0xd12C223a6B219578f3c6d5426A70037b58a874d2,15
817,0xD1739773603745a802F2BCB1c4CF9F26B403600c,15
818,0xd28368bcfF37319072cC5a83012981755C1186e3,15
819,0xD2a1335e0D24b991aB2Da796226246d4671B8a40,15
820,0xd2d2FB32360Bef330E2b1c80EE786228658ecf1B,15
821,0xd2E5A552102E16350903C343b2808b3305328a90,15
822,0xd2FeDb33bf0043f437a0dF6D911c85d85e107EbC,15
823,0xd3A543C4800bf659875c39EE797595Af8F8f6b35,15
824,0xd424FeCC8a18a277aBA7059f1C78a53E61213Bf1,15
825,0xD455428A879221a06C813Ff0e0131d39aE2CF015,15
826,0xd487cCFEAdFc61Dd966D0edFf4E182C7DBDAc117,15
827,0xd55395A1BbFedB89CE564A33D0372eF2a6F02E00,15
828,0xD5F15FE1bfd63eE6737F2DA1a30A4712ce2C8552,15
829,0xD6085929281Bb484763CA58cb06690e4f457D171,15
830,0xd658aaf9Fd36696c8f816ed80785BF516985aaED,15
831,0xD6c26Ec125c7652dA813E3c8d77666bBAb85294C,15
832,0xd6C8359037d459706311b0373616B278f3218BCE,15
833,0xD6f39501B45F9C6a9Ca283735298262cEEF87c6B,15
834,0xD7099f5c5F454c759521e49Cf5f21F19dcbac5c7,15
835,0xd765AdE5492812483fb3417483969B26245afB5a,15
836,0xd779fda59575A1658b69A7376807AA7958bAcCb4,15
837,0xD7884A3B48B45986967A6f579C089852dE570218,15
838,0xD7B1C6B38C4addbFDd5432062643C8490c2fA19E,15
839,0xD7D20B8AeFad5A35243AD79Ea5F1F44486344971,15
840,0xD7D62353D70ad2ab48473B8dD06e6Ba3f3a7055c,15
841,0xd7fDA3Ea9397b42B0748CB2Fc9544d1fE88cfe9f,15
842,0xd88aBe9c27035C3e9838c9722da8ae72f1c3AB11,15
843,0xD899640eEabF76D3DdfcaBA26f5f0FE64D3101F5,15
844,0xd8c4629e168C657a19feEBf1B9a28269ec298452,15
845,0xD8e44dFa6A9201e2594B1e4B4A11C803D88B5adF,15
846,0xd93db5088Cea67d9AFe89d9f69e0B63d15612221,15
847,0xda06Ea6d5955BeDdC5324727c508407ec5C4791e,15
848,0xdA966d75f92fFF39ec729b63310fDed74C923c11,15
849,0xDA9D1663b1b7593875ba784BaAd5Ef71De5d6A5B,15
850,0xdAf6e4eD861A6Aba41F70268A964eFB03E13Ec8f,15
851,0xdb15c6559d739a07E0BB05FB8bE31c39FCEf7035,15
852,0xDB1924089b00c5F794b4C7d144f2013CAeCf816C,15
853,0xDb35A5405EeC6a164315f994E1BBd36E764967d7,15
854,0xDb9240352E4C43A3ba77Ea5E0FEAe4796C61C945,15
855,0xdC01A1e71E0d70B54A01A8d46195f79451f868c2,15
856,0xDC188826BD946d88ac7535C0E49A282487b24400,15
857,0xDC1974273e30c988be926D57CC77B76033a52d74,15
858,0xdc2A69e8534C0f78619db1Ad41D05CCE72e5eA66,15
859,0xDc37Ba4217ECc7d6D1A646678A554AC31fED37EF,15
860,0xDCa1f69caBd35d62079c7f28234eE5F444Ec4C87,15
861,0xdCEF59cCD7e6Fbf1474f44d4Ce98846F47EaE330,15
862,0xDdC09D3bC73f37f98142Ee1af7A4273923bA44A8,15
863,0xDdCEB1B71a588c8370B3Bb5215a01fd3d844b0FA,15
864,0xDE04e00769ccaDfAD8964A0E98d815EbFDBbA6b2,15
865,0xDE76a4adF9D6E085962EcDAcC86033f20Ac1d365,15
866,0xDFBec080DfC6009907502fF94048518a45836742,15
867,0xDFf4720075092c30B39368D25503367395469755,15
868,0xe0211a92F60A502d8333B4A7B861Ed3e01aE943E,15
869,0xe067015aA25BDeb0555ce99029353655F102D341,15
870,0xe0A72Df2D9B68a6fD4E42047658c0acBDBCEdF4a,15
871,0xe0BB2C51A9903736A91981292821D48e1535d223,15
872,0xe0c5EE929D1CC89cfE3259C242fF4DcdEF5A5F0f,15
873,0xE1712baA9805dD062426d961467660A23D0AAf62,15
874,0xe190e971A3F3E824D5FeD720F00f4c7e4780A6BB,15
875,0xE1Da5447028bD31A191e6cbdA0A9Aa9e082ceCf3,15
876,0xe2Cd4C52999BC10E9931d4D7e79d178A575208fd,15
877,0xE32F72d9914bF2CC004cA25f0135570892df21D9,15
878,0xE3546adA9C6670077D0a6aE4f3B0604CbcC9773f,15
879,0xE35afD11464De7B329804869C5DdA179FA4C8133,15
880,0xe3Bcf846520B6d71C3a474cceEfF801740D17c6B,15
881,0xE3e284361492b625Cc900a024e94032D6966f81C,15
882,0xE45285154d9b2360e045929ab3821567770125cf,15
883,0xE48017f0c144daD4425E44147440a425AA814562,15
884,0xE502Df6f53f57BfAf15a30a5BAfC0243eF11a7a7,15
885,0xe5343b13635014Db56852d33cC95ee858d557238,15
886,0xe58366F9a7857Fd2C9945CEdaa92cf3F9CD716C4,15
887,0xe61A8e1b37142EDA9bB34a027a837009DEB440a5,15
888,0xe62620B1A745df2D6fA0563d98E01F8930eCc85c,15
889,0xe640dC32048a692e9005C0159b71fd299DFcb850,15
890,0xE6B54e1534565101eC643f2377ec0030a2b9AeFA,15
891,0xe6bcB5Dc8918093bF61f92Cd41fBfD89C62c69Dc,15
892,0xe6d4fb4bDE7b871AC90c71a4aa78C10FB889298d,15
893,0xe6e3360bD32aB3240eA1aa4a5C87987Ab8Ac4056,15
894,0xe7557BEc9Cb491402BE2515058a7f264A532Db08,15
895,0xe7795b4a26033DE56F4Fd37854B2A4CdF635C61c,15
896,0xe78e44b2faD56b575aF98917c353190565f14c0A,15
897,0xE7947C1c0CcD29cd344b87D862dD9A14B4d0049E,15
898,0xe814D2Ec5D2d2970dF7D4Fc91fB604FE04050bfB,15
899,0xE8393AAFF7D3dB0Ee3A56A6bD59a4359192aACF1,15
900,0xE8cdd88A88643B20b660015A284C0755eB2981Bf,15
901,0xE8f8768264f7a8ca52413E12BcdFFc01Ed509C28,15
902,0xe9308Cd9A33B232A67E534486F6a0AAbc71dfeFE,15
903,0xE97c116162d9e9d3423D960E0d1F36b017407F5D,15
904,0xE9c3123e4Cf348c66B20a985Af264891fc0a441a,15
905,0xeAa719e551E5D49c09dF04d530e667024524651a,15
906,0xeACe8E5c8E4F3A4729196e25Ec734B813e56DAA8,15
907,0xEb56aB923f09648e3106D24174F109DcFBc5a80B,15
908,0xEBA0bf0a458F575829ab13166870656F2458Dee7,15
909,0xeBea29a794eE7e4b6270BCa563f0F3B7e89b8023,15
910,0xEc0d0c60eB5CEB5164C13198516c60220C5d2855,15
911,0xec3003E36976E3c290293d58Fa75D630952A3102,15
912,0xEc330ca53F099ec9cF2A91795659336f1706803b,15
913,0xeC490eEd22Bed152EB84C3e0F220aEF09F4042B1,15
914,0xEc86Aa0b27AB3690d49b7aad0e4c0274470F5029,15
915,0xEcD63F03B25A4b46881A98549f64d06355755342,15
916,0xEd0eD9B7c2E9AB4087f89503c0DA16a66789C85E,15
917,0xed51A0D234FF35E00E6ee5F04C13dfbC6517A996,15
918,0xEd728Aa885ffa51cEfEaAfd74d94acC116EFE765,15
919,0xeDA728f316140FB4F4EC7c077Ee6Eb2F973c20C1,15
920,0xEdD47aB50986348085071a722f2DE31285966CC2,15
921,0xeDEaa5013BD3cE4964Cfcf251a3B7c4Bdd6eC013,15
922,0xEE9cA24FB62BFc021e1A46E09e1C1CbECD3341B5,15
923,0xEF2005f0931f6Bd9624f08BcE29000506a082191,15
924,0xEfb9BD43dF7F29D972d5517b154e9a55508eC96E,15
925,0xeFd6929a2e1b02Bdd713b96397402F8F53DE9e30,15
926,0xf05CC965Cb633A90e0f4Fd2c176f5aDb54d6a58b,15
927,0xF06Bf753881526603319657A2Fb2847BF71EBeBd,15
928,0xF0930213DE4b8F4953aC5D43660c49b81A28E0dB,15
929,0xF0B49d369fc56a8B7D71e94ef5dbfD23444A041D,15
930,0xf1193bF436d4e8206dE4704878B75E25B7A2308e,15
931,0xf1349BC49fCD6c3F25489D8d31fA64414A2C7a3A,15
932,0xF1412ACEdde1bCf350723AA57cC4f132B40cFdA4,15
933,0xF191Ee9DA50928732FE62a9589aA72aD12318Ed7,15
934,0xF19C52c651D819eEbA7762e7fC83A2E7B016F4c8,15
935,0xF21712bcDc8a2aD3E53FC67AdEE3Fa551C4518A9,15
936,0xF3265f161b7ACfeD94aA7E45F6c04CC6a9177557,15
937,0xF47D6f875227d7174e130EF50699cc41c276E8A6,15
938,0xF4A319478E2FEb479117472b7f7871F3Ba979311,15
939,0xf4b91F0E8fea2388b4f2Ad9b1422b55E27E80fc8,15
940,0xF4Dfb5f408Be4AdD9E034C01E439216d3E22F356,15
941,0xf55D74b6c8eBa92f6A67ccA1AF67B2E522eB11d0,15
942,0xf58a938c6B8130070bbc410EC01b77D12Bfb5B55,15
943,0xF5b3D20d6730D7E56B575221F449aBF35C03fDDB,15
944,0xf67646e3D60c877Cd66EF8d476EF88843bd841c8,15
945,0xf6CA4A342ba0c579e9968BacE0aA94B348BFeDB0,15
946,0xf724b68a28b6463095c56aAEa7C73218408EAB12,15
947,0xf7ba321d7Bef4C4b36dD43E7AeE72f2cAD0509bb,15
948,0xF860a09C475d9de65cbD387bbD12c8B295094A10,15
949,0xF884075aBc6A1A19c98eb893C2bE288aB8807b57,15
950,0xf8AA77D0DB3EcE6E0aE54536CfE6691FE6D4636B,15
951,0xf8eA7A2A5cB51e73F34e3AA9ad012cF7B0062d99,15
952,0xf8fA09800D4a2eB88B6F2A1f5742B2845A1cdff9,15
953,0xf94095E6B48201F3c78AC8da0f0492A82F2Caf8e,15
954,0xf95f51Bb3Dd5E36bEc31a428a40107169cC3E2a4,15
955,0xF970AB5F4ca962b7751600Ef518c96F53532611a,15
956,0xf976068ebf99E0FAd09B2E134d53B7eC7D3C9081,15
957,0xF9878C468BcC1a9DA83601E829154c9491de6B7F,15
958,0xf9f1C0e311d469fA2bF4f1f8197bAbF893b9F01f,15
959,0xFACdfA9E49D4e21559B4773bDcFeaff2264E1817,15
960,0xFACFA1cDF808Afd6bdceF503D4e9f328cDFC2187,15
961,0xFb106Cd797B1Af8F3001cc09FB70ad56bfa4eCb3,15
962,0xfbD3abf943390277F69aCe44154e241f7fE0C16A,15
963,0xfbdCdA10eA90a8E65D3625150ab54CB58ADF1eE0,15
964,0xFC5E3A64C047f7EE7a5f76e4AaD252284719B154,15
965,0xFccB27cf6E9d6F8Ff74C439F132baB42fccb0ABd,15
966,0xfcfb22e8ED0a092175ac3C1AD3DE341f34845465,15
967,0xFD031A0C8517d5225f112188bf78747e3f544546,15
968,0xFD083F7ED94611E54D45e01736F338E437F4a399,15
969,0xFD2ceb17420eCba3Bdf60e2015Cafa31d500bA10,15
970,0xfD3599b2c33bB456897DdAF6d2AE131ABa4C28A8,15
971,0xfD4Ca2Bba83049cD633770943ea7914d38178604,15
972,0xfd7351407e5947D1314B9dBaf6daccd7ab6AcD08,15
973,0xFD9407D78582db52d5878Ca2b94dB7444829d8Ba,15
974,0xfD95Db8F308e1301A34706Fd1882A462A98be166,15
975,0xfdc57DEE48bE61Fb395937e0df02f6297FA6c24F,15
976,0xFdceE328F3aF1B228a86A9815fa531c565D82fC5,15
977,0xFE57e89E484d5a209F247b32811d46CFB9864940,15
978,0xfe75e2f963B05908157c7D652a5599C31CccB730,15
979,0xFEADdd46C6CCe9351ED9B3978a94CCaD10EC85C6,15
980,0xff27ce441a46522c41DFB10C9E40c094A83C1dcb,15
981,0xFf2F34eD219035BDaeB0613d0F1dD1F283dA5705,15
982,0xff35c892a905342721Be99cbD0627a7051A23a6f,15
983,0xFF5c43F804D91Cd23C9Cf9E390A5D5074CC2cDE6,15
984,0xfF672b3351b01c2B62C5e52a78030fda59a511Ce,15
985,0xFfbeAf025167c59EC7fCe10668Ed81f86A2CFAB7,15
986,0xfFdcAf0F5f80066DA3a886f6Cd241b16572489F0,15
987,0xFFF9afd804BC80faCfc06d8B1c702D7C20D05961,15
988,0xA8C2e8A49D47b81207bb1d85f572497B93Ab9442,15
989,0x5CF2965Ff83057638672231d5C67BA3D4730E6Ed,15
990,0x11F3128d95246edB58589aB46C4ace4175E1710d,15
991,0x64766f7fb8ccc99c5fdba54e2e968d1d244b83be,15
992,0x5bb2C799F7388B7324822430eFC4c67Dd4F28A2A,15
993,0x9c912F816425ec282ee49a4f1CE8B8bC5C164D3F,15
994,0x5aAB4DB06b7A74cB49504Eb311013e50eF0eFE15,15
995,0x7c06866Ad5A2627b01caFC29285a7D9668577783,15
996,0xb1E896a2e30d7721a8173Ec451B6dc4C29141b61,15
997,0x847Ee7C2B42cc4485D766d113C658BD87B4a5453,15
998,0x01EfF07B44CC991500b0A4344664f58E606CA63C,15
999,0x22AB0913F521615f0879a8357F9B9b83Ad552360,15
1000,0xd350fFcF47586d620Ac1CCAB0D4D512972e196ff,15